# Alias OBJ Model File
# Exported from SketchUp, (c) 2000-2012 Trimble Navigation Limited
# File units = inches

mtllib House.mtl

g Mesh1 Group1 Model

usemtl Hover_Brick_OM___Dark_Red_default
v -127.959 31.6284 516.256
vt -9.91148 0.687574
vn 0.708135 -2.24026e-16 0.706077
v -56.739 60.9104 444.828
vt -7.71871 1.32414
v -127.959 91.4839 516.256
vt -9.91148 1.98878
f 1/1/1 2/2/1 3/3/1

v -29.9432 60.9104 417.955
vt -6.89371 1.32414
f 2/2/1 1/1/1 4/4/1

v -173.457 10.4737 561.886
vt -11.3123 0.227689
f 5/5/1 4/4/1 1/1/1

v -6.24795 -1.5 394.19
vt -6.16416 -0.0326087
f 5/5/1 6/6/1 4/4/1

v -242.769 -1.5 631.401
vt -13.4463 -0.0326087
f 6/6/1 5/5/1 7/7/1

v -217.063 10.4737 605.62
vt -12.6549 0.227689
f 8/8/1 7/7/1 5/5/1

v -242.769 113.129 631.401
vt -13.4463 2.45933
f 7/7/1 8/8/1 9/9/1

v -217.063 94.7863 605.62
vt -12.6549 2.06057
f 9/9/1 8/8/1 10/10/1

v -56.739 97.3417 444.828
vt -7.71871 2.11612
f 9/9/1 10/10/1 11/11/1

v -173.457 94.7863 561.886
vt -11.3123 2.06057
f 12/12/1 11/11/1 10/10/1

v -160.957 91.4839 549.35
vt -10.9274 1.98878
f 13/13/1 11/11/1 12/12/1

f 3/3/1 11/11/1 13/13/1

f 3/3/1 2/2/1 11/11/1

v -160.957 31.6284 549.35
vt -10.9274 0.687574
f 12/12/1 14/14/1 13/13/1

f 5/5/1 14/14/1 12/12/1

f 14/14/1 5/5/1 1/1/1

v -6.24795 113.129 394.19
vt -6.16416 2.45933
f 9/9/1 11/11/1 15/15/1

v -29.9432 97.3417 417.955
vt -6.89371 2.11612
f 16/16/1 15/15/1 11/11/1

f 4/4/1 15/15/1 16/16/1

f 4/4/1 6/6/1 15/15/1

g Mesh2 Group1 Model

v -300.351 287.313 616.057
vt 4.83249 6.24592
vn -0.706077 6.50651e-17 0.708135
v -360.985 287.313 555.599
vt 2.97107 6.24592
v -360.985 -1.5 555.599
vt 2.97107 -0.0326087
v -300.351 -1.5 616.057
vt 4.83249 -0.0326087
f 17/17/2 18/18/2 19/19/2 20/20/2 

vt 14.094 6.24592
vn -0.708135 -3.99893e-09 -0.706077
v -344.79 287.313 539.356
vt 13.5953 6.24592
v -344.79 270.32 539.356
vt 13.5953 5.87652
v -352.845 270.32 547.435
vt 13.8434 5.87652
v -352.845 263.988 547.435
vt 13.8434 5.73887
v -344.79 263.988 539.356
vt 13.5953 5.73887
v -344.79 110.2 539.356
vt 13.5953 2.39564
v -344.79 -1.5 539.356
vt 13.5953 -0.0326087
vt 14.094 -0.0326087
f 18/21/3 21/22/3 22/23/3 23/24/3 24/25/3 25/26/3 26/27/3 27/28/3 19/29/3 

vt -2.97107 6.24592
vn 0.706077 -7.37761e-17 -0.708135
v -284.156 287.313 599.814
vt -4.83249 6.24592
v -284.156 241.023 599.814
vt -4.83249 5.23963
vt -2.97107 5.87652
f 21/30/4 28/31/4 29/32/4 22/33/4 

vt -13.5953 6.24592
vn 0.708135 -3.63475e-09 0.706077
vt -14.094 6.24592
vt -14.094 -0.0326087
v -284.156 -1.5 599.814
vt -13.5953 -0.0326087
v -284.156 110.2 599.814
vt -13.5953 2.39564
v -284.156 234.691 599.814
vt -13.5953 5.10199
v -292.211 234.691 607.893
vt -13.8434 5.10199
v -292.211 241.023 607.893
vt -13.8434 5.23963
vt -13.5953 5.23963
f 28/34/5 17/35/5 20/36/5 30/37/5 31/38/5 32/39/5 33/40/5 34/41/5 29/42/5 

v -249.733 -1.5 634.136
vt 5.88922 -0.0326087
vn -0.706077 -8.50548e-10 0.708135
v -249.733 110.2 634.136
vt 5.88922 2.39564
vt 4.83249 2.39564
f 35/43/6 36/44/6 31/45/6 30/20/6 

v -488.379 110.2 396.184
vt -1.437 2.39564
vn -0.706077 5.67532e-16 0.708135
v -488.379 103.392 396.184
vt -1.437 2.24765
v -488.379 5.49203 396.184
vt -1.437 0.119392
v -488.379 -1.5 396.184
vt -1.437 -0.0326087
vt 2.97107 2.39564
f 37/46/7 38/47/7 39/48/7 40/49/7 27/19/7 26/50/7 

g Mesh3 Group1 Model

v -160.786 103.392 67.6356
vt 3.50918 2.24765
vn -0.708135 1.01494e-08 -0.706077
v -160.786 74.1675 67.6356
vt 3.50918 1.61234
v -160.786 -1.5 67.6356
vt 3.50918 -0.0326087
v -188.908 -1.5 95.8396
vt 4.37502 -0.0326087
v -188.908 5.49203 95.8396
vt 4.37502 0.119392
v -201.652 5.49203 108.621
vt 4.7674 0.119392
v -201.652 103.392 108.621
vt 4.7674 2.24765
f 41/51/8 42/52/8 43/53/8 44/54/8 45/55/8 46/56/8 47/57/8 

g Mesh4 Group1 Model

v -23.9232 74.1675 -69.6257
vt -0.704626 1.61234
vn -0.708135 3.64158e-17 -0.706077
v -23.9232 103.392 -69.6257
vt -0.704626 2.24765
v 27.4694 103.392 -121.168
vt -2.28693 2.24765
v 27.4694 -1.5 -121.168
vt -2.28693 -0.0326087
v -23.9232 -1.5 -69.6257
vt -0.704626 -0.0326087
f 48/58/9 49/59/9 50/60/9 51/61/9 52/62/9 

g Mesh5 Group2 Model

usemtl HOVER_Poured_Concrete_default
v -283.337 5.49203 190.544
vt -3.93523 -2.64644
vn 0 1 -0
v -516.46 5.49203 357.773
vt -7.17306 -4.96908
vt -6.78304 -5.50255
f 53/63/10 54/64/10 39/65/10

v -513.117 5.49203 354.421
vt -7.12663 -4.92251
f 54/64/10 53/63/10 55/66/10

v -516.26 5.49203 351.287
vt -7.17027 -4.87899
f 55/66/10 53/63/10 56/67/10

v -412.138 5.49203 253.147
vt -5.72413 -3.51592
f 56/67/10 53/63/10 57/68/10

v -408.794 5.49203 249.794
vt -5.6777 -3.46936
f 57/68/10 53/63/10 58/69/10

v -321.362 5.49203 162.107
vt -4.46337 -2.25148
f 58/69/10 53/63/10 59/70/10

v -318.019 5.49203 158.754
vt -4.41694 -2.20492
f 59/70/10 53/63/10 60/71/10

v -285.31 5.49203 147.733
vt -3.96264 -2.05185
f 61/72/10 60/71/10 53/63/10

v -230.273 5.49203 64.4674
vt -3.19824 -0.89538
f 62/73/10 60/71/10 61/72/10

v -226.118 5.49203 58.7369
vt -3.14053 -0.815791
f 63/74/10 60/71/10 62/73/10

v -321.162 5.49203 155.621
vt -4.46058 -2.1614
f 63/74/10 64/75/10 60/71/10

v -324.505 5.49203 158.974
vt -4.50701 -2.20797
f 63/74/10 65/76/10 64/75/10

v -411.937 5.49203 246.66
vt -5.72134 -3.42584
f 63/74/10 66/77/10 65/76/10

v -415.28 5.49203 250.013
vt -5.76778 -3.47241
f 63/74/10 67/78/10 66/77/10

f 63/74/10 56/67/10 67/78/10

v -519.603 5.49203 354.64
vt -7.2167 -4.92556
f 63/74/10 68/79/10 56/67/10

v -525.59 5.49203 359.081
vt -7.29986 -4.98724
f 69/80/10 68/79/10 63/74/10

f 68/79/10 69/80/10 39/65/10

vt -0.918083 -0.0208369
vn -0.706077 4.12219e-07 0.708135
vt -0.918083 0.0762746
vt -1.64791 0.0762746
v -525.59 -14.5 359.081
vt -1.64791 -0.201392
v -344.79 -14.5 539.356
vt 1.89819 -0.201392
v -344.79 -1.5 539.356
vt 1.89819 -0.0208369
f 40/81/11 39/82/11 69/83/11 70/84/11 71/85/11 72/86/11 

vt 8.6859 0.076278
vn -0.708135 9.55867e-08 -0.706077
vt 2.79515 0.076278
v -226.118 -14.5 58.7369
vt 2.79515 -0.201389
vt 8.6859 -0.201389
f 69/87/12 63/88/12 73/89/12 70/90/12 

vt 1.64791 0.0762782
vn 0.706077 6.18474e-09 -0.708135
v -188.908 5.49203 95.8396
vt 0.918084 0.0762782
v -188.908 -1.5 95.8396
vt 0.918084 -0.0208333
v -188.908 -14.5 95.8396
vt 0.918084 -0.201389
vt 1.64791 -0.201389
f 63/91/13 74/92/13 75/93/13 76/94/13 73/95/13 

v -223.788 5.49203 64.2477
vt -3.10816 -0.892329
vt -2.62372 -1.33111
f 77/96/10 74/97/10 63/74/10

v -227.131 5.49203 67.6006
vt -3.1546 -0.938897
f 78/98/10 74/97/10 77/96/10

vt -2.80073 -1.50863
f 78/98/10 46/99/10 74/97/10

f 46/99/10 78/98/10 62/73/10

v -244.468 5.49203 106.772
vt -3.39539 -1.48295
f 62/73/10 79/100/10 46/99/10

f 62/73/10 61/72/10 79/100/10

v -226.93 5.49203 61.1145
vt -3.15181 -0.848812
f 63/74/10 80/101/10 77/96/10

f 63/74/10 62/73/10 80/101/10

v -159.697 -1.5 66.5433
vt 2.22055 -0.0208335
vn -0.708135 1.71577e-07 -0.706077
v -159.697 -14.5 66.5433
vt 2.22055 -0.201389
vt 2.79515 -0.0208335
v -160.786 -1.5 67.6356
vt 2.24197 -0.0208335
f 81/102/14 82/103/14 76/89/14 75/104/14 83/105/14 

vn -0.708135 -2.93705e-14 -0.706077
v -360.985 -14.5 555.599
vt 9.00448 -0.201389
vt 9.00448 -0.0208333
vt 8.6859 -0.0208333
f 71/90/15 84/106/15 19/107/15 72/108/15 

vt 1.89819 -0.201389
vn -0.706077 -1.59961e-15 0.708135
v -300.351 -14.5 616.057
vt 3.08742 -0.201389
v -300.351 -1.5 616.057
vt 3.08742 -0.0208333
vt 1.89819 -0.0208333
f 84/109/16 85/110/16 86/111/16 19/112/16 

vt -9.00448 -0.201389
vn 0.708135 -5.34431e-12 0.706077
v -284.156 -14.5 599.814
vt -8.6859 -0.201389
v -284.156 -1.5 599.814
vt -8.6859 -0.0208333
vt -9.00448 -0.0208333
f 85/113/17 87/114/17 88/115/17 86/116/17 

v -247.609 -14.5 636.254
vt 3.80423 -0.201389
vn -0.706077 -4.31095e-09 0.708135
v -247.609 -1.5 636.254
vt 3.80423 -0.0208333
v -249.733 -1.5 634.136
vt 3.76256 -0.0208333
f 89/117/18 90/118/18 91/119/18 88/111/18 87/110/18 

f 68/79/10 39/65/10 54/64/10

f 56/67/10 57/68/10 67/78/10

f 65/76/10 66/77/10 58/69/10

f 58/69/10 59/70/10 65/76/10

g Mesh6 Group2 Model

v 333.653 -14.5 611.849
vt -2.74564 -0.201389
vn 0.708135 -9.82289e-16 0.706077
v 660.72 -14.5 283.829
vt 3.68791 -0.201389
v 660.72 -1.5 283.829
vt 3.68791 -0.0208333
v 658.602 -1.5 285.953
vt 3.64625 -0.0208333
v 335.772 -1.5 609.724
vt -2.70398 -0.0208333
v 333.653 -1.5 611.849
vt -2.74564 -0.0208333
f 92/120/19 93/121/19 94/122/19 95/123/19 96/124/19 97/125/19 

vt -9.28172 -0.201389
vn 0.706077 -4.46002e-08 -0.708135
v 365.54 -14.5 -10.4928
vt -3.49227 -0.201389
v 365.54 -1.5 -10.4928
vt -3.49227 -0.0208332
v 367.665 -1.5 -8.37457
vt -3.53393 -0.0208332
v 658.595 -1.5 281.711
vt -9.24005 -0.0208332
vt -9.28172 -0.0208332
f 93/126/20 98/127/20 99/128/20 100/129/20 101/130/20 94/131/20 

vt -3.68792 -0.20139
vn -0.708135 -2.08995e-07 -0.706077
v 344.917 -14.5 10.1901
vt -3.28226 -0.20139
v 344.917 -1.5 10.1901
vt -3.28226 -0.0208341
v 363.422 -1.5 -8.36839
vt -3.64625 -0.0208341
vt -3.68792 -0.0208341
f 98/132/21 102/133/21 103/134/21 104/135/21 99/136/21 

v 300.836 10.0911 -33.7632
vt -2.62768 0.140154
vn 0.706077 1.06562e-07 -0.708135
v 344.917 10.0911 10.1901
vt -3.49227 0.140154
vt -3.49227 -0.0208337
v 252.607 -14.5 -81.8524
vt -1.68174 -0.201389
v 252.607 -1.5 -81.8524
vt -1.68174 -0.0208337
v 256.833 -1.5 -77.6387
vt -1.76463 -0.0208337
v 256.833 -9.18157 -77.6387
vt -1.76463 -0.127522
v 300.836 -9.18157 -33.7632
vt -2.62768 -0.127522
f 105/137/22 106/138/22 103/139/22 102/127/22 107/140/22 108/141/22 109/142/22 110/143/22 111/144/22 

vt 4.79052 -0.141529
vn -7.10169e-16 1 2.64839e-17
vt 4.17828 0.468934
v 255.56 10.0911 11.6449
vt 3.54944 -0.161734
v 257.684 10.0911 13.7631
vt 3.57895 -0.191155
v 299.641 10.0911 55.5982
vt 4.16169 -0.772197
f 106/145/23 105/146/23 112/147/23 113/148/23 114/149/23 

vt -3.28225 0.140154
vn -0.708135 -9.49475e-08 -0.706077
vt -3.28225 -0.127522
v 293.956 -9.18157 -26.8632
vt -3.14692 -0.127522
v 293.956 6.00593 -26.8632
vt -3.14692 0.0834154
v 262.977 6.00593 4.20628
vt -2.53755 0.0834154
v 262.977 -9.18157 4.20627
vt -2.53755 -0.127522
v 208.253 -9.18157 59.0899
vt -1.4611 -0.127522
v 208.253 -1.5 59.0899
vt -1.4611 -0.0208336
v 255.56 -1.5 11.6449
vt -2.39165 -0.0208336
vt -2.39165 0.140154
f 105/150/24 111/151/24 115/152/24 116/153/24 117/154/24 118/155/24 119/156/24 120/157/24 121/158/24 112/159/24 

vt 4.08272 0.373099
vt 3.56712 1.07832
v 164.249 -9.18157 15.2144
vt 2.28124 -0.211311
v 178.514 -9.18157 29.4374
vt 2.47936 -0.408852
v 206.727 -9.18157 57.5684
vt 2.87121 -0.799561
vt 2.8924 -0.820693
vt 3.65246 -0.0584204
v 250.275 -9.18157 -8.45899
vt 3.47604 0.117486
v 281.254 -9.18157 -39.5284
vt 3.9063 0.549006
f 115/160/10 111/146/10 110/161/10 122/162/10 123/163/10 124/164/10 119/165/10 118/166/10 125/167/10 126/168/10 

vt 1.4611 -0.127521
vn 0.708135 -4.30792e-07 0.706077
vt 3.28225 -0.127521
vt 3.28225 -0.0208326
v 254.714 -1.5 -75.5143
vt 3.24059 -0.0208326
v 164.249 -1.5 15.2144
vt 1.4611 -0.0208326
f 122/169/25 110/170/25 109/171/25 127/172/25 128/173/25 

vt -2.0444 -0.127522
vn 0.706077 8.52719e-17 -0.708135
vt -1.76463 -0.0208333
v 178.514 -1.5 29.4374
vt -2.0444 -0.0208333
f 123/174/26 122/143/26 128/175/26 129/176/26 

vn 0.706077 3.09979e-12 -0.708135
vt -2.59775 -0.127522
v 206.727 -1.5 57.5684
vt -2.59775 -0.0208333
vt -2.62768 -0.0208333
f 119/144/27 124/177/27 130/178/27 120/179/27 

v 258.551 6.00593 -0.20671
vt 2.54088 0.083415
vn -0.706077 -2.56994e-07 0.708135
v 258.551 -2.74407 -0.20671
vt 2.54088 -0.0381128
v 250.275 -2.74407 -8.45899
vt 2.37855 -0.0381128
vt 2.37855 -0.127522
vt 2.62768 -0.127522
vt 2.62768 0.083415
f 131/180/28 132/181/28 133/182/28 125/183/28 118/184/28 117/185/28 

v 289.53 -2.74407 -31.2761
vt -3.14692 -0.0381121
vn -0.708135 0 -0.706077
vt -2.53755 -0.0381121
vt -2.53755 0.0834157
v 289.53 6.00593 -31.2761
vt -3.14692 0.0834157
f 134/186/29 132/187/29 131/188/29 135/189/29 

vt 4.02125 0.434391
v 281.254 -2.74407 -39.5284
vt 3.59099 0.00287098
f 134/190/10 136/168/10 133/167/10 132/191/10 

vt -2.37855 -0.0381129
vn 0.706077 2.40606e-07 -0.708135
vt -2.54088 -0.0381129
vt -2.54088 0.0834149
vt -2.62768 0.0834149
vt -2.62768 -0.127523
vt -2.37855 -0.127523
f 136/192/30 134/193/30 135/194/30 116/195/30 115/196/30 126/197/30 

vt 3.65246 -0.0584205
f 116/160/10 135/190/10 131/191/10 117/198/10 

f 136/186/29 126/152/29 125/155/29 133/187/29 

vt -3.28225 -0.201389
vn -0.708135 2.89056e-09 -0.706077
v 160.023 -14.5 11.0007
vt -1.4611 -0.201389
v 160.023 -1.5 11.0007
vt -1.4611 -0.0208333
v 250.488 -1.5 -79.728
vt -3.24059 -0.0208333
vt -3.28225 -0.0208333
f 107/199/31 137/200/31 138/201/31 139/202/31 108/203/31 

vn 0.706077 6.39543e-08 -0.708135
v 27.4694 -14.5 -121.168
vt 0.918083 -0.201389
v 27.4694 -1.5 -121.168
vt 0.918083 -0.0208334
v 29.5938 -1.5 -119.05
vt 0.876417 -0.0208334
vt -1.68174 -0.0208334
f 137/140/32 140/204/32 141/205/32 142/206/32 138/207/32 

v -23.9232 -1.5 -69.6257
vt -0.450178 -0.0208333
vn -0.708135 6.235e-15 -0.706077
v -25.0123 -14.5 -68.5335
vt -0.428754 -0.201389
v -25.0123 -1.5 -68.5335
vt -0.428754 -0.0208333
f 143/208/33 141/201/33 140/200/33 144/209/33 145/210/33 

v 94.6546 -14.5 373.544
vt 4.59416 -0.201388
vn -0.706077 -2.42636e-07 0.708135
vt 9.28172 -0.201388
vt 9.28172 -0.0208327
v 331.529 -1.5 609.73
vt 9.24005 -0.0208327
v 94.6546 -1.5 373.544
vt 4.59416 -0.0208327
f 146/211/34 92/212/34 97/213/34 147/214/34 148/215/34 

v 34.0272 -14.5 434.348
vt -3.93821 -0.201389
vn 0.708135 -2.59453e-15 0.706077
v 36.1455 -1.5 432.224
vt -3.89655 -0.0208333
v 34.0272 -1.5 434.348
vt -3.93821 -0.0208333
f 149/216/35 146/120/35 148/125/35 150/217/35 151/218/35 

v -6.24795 -14.5 394.19
vn -0.706077 7.40211e-10 0.708135
vt 4.59416 -0.201389
vt 4.59416 -0.0208333
v 31.9028 -1.5 432.23
vt 4.55249 -0.0208333
v -6.24795 -1.5 394.19
f 152/117/36 149/219/36 151/220/36 153/221/36 154/118/36 

v -242.769 -14.5 631.401
vt -8.59071 -0.201385
vn 0.708135 -1.01347e-06 0.706077
vt -3.93821 -0.201385
vt -3.93821 -0.0208295
vt -8.59071 -0.0208295
f 155/222/37 152/223/37 154/224/37 7/225/37 

g Mesh7 Group2 Model

v -91.5722 -14.5 726.378
vt 8.0421 -0.201389
vn -0.708135 -1.64016e-09 -0.706077
v -119.462 -14.5 754.35
vt 8.59071 -0.201389
v -119.462 -1.5 754.35
vt 8.59071 -0.0208333
v -93.6905 -1.5 728.503
vt 8.08376 -0.0208333
v -91.5722 -1.5 726.378
vt 8.0421 -0.0208333
f 156/226/38 157/227/38 158/228/38 159/229/38 160/230/38 

v -86.9694 -14.5 730.968
vt -6.31297 -0.201389
vn 0.706077 -4.95368e-09 -0.708135
vt -6.22269 -0.201389
vt -6.22269 -0.0208334
v -86.9694 -1.5 730.968
vt -6.31297 -0.0208334
f 161/231/39 156/232/39 160/233/39 162/234/39 

v -130.05 -1.5 774.174
vt -8.88951 -0.0208329
vn 0.708135 -7.65502e-08 0.706077
v -130.05 -14.5 774.174
vt -8.88951 -0.201388
vt -8.0421 -0.201388
vt -8.0421 -0.0208329
v -89.0876 -1.5 733.092
vt -8.08377 -0.0208329
v -128.625 -1.5 772.745
vt -8.86148 -0.0208329
f 163/235/40 164/236/40 161/237/40 162/238/40 165/239/40 166/240/40 

v -132.174 -14.5 772.056
vt 6.2713 -0.201389
vn -0.706077 7.71843e-16 0.708135
vt 6.31297 -0.201389
vt 6.31297 -0.0208333
v -132.174 -1.5 772.056
vt 6.2713 -0.0208333
f 167/241/41 164/242/41 163/243/41 168/244/41 

g Mesh8 Group3 Model

usemtl Single_Garage_Hover_Door_Plain__CGT__Generic__f6f7f4
v -18.7276 -14.5 -62.267
vt 4.44089e-16 0
v -153.412 -14.5 72.8097
vt 1 0
v -153.412 72.625 72.8097
vt 1 1
v -18.7276 72.625 -62.267
vt 4.44089e-16 1
f 169/245/29 170/246/29 171/247/29 172/248/29 

g Mesh9 Group3 Model

usemtl Entry_Basic_Hover_Door_Standard_Right_Handel_Generic__f6f7f4
v 111.768 93.7759 384.959
vt 2.22045e-15 1
vn -0.706077 0 0.708135
v 111.768 13.4633 384.959
vt 2.22045e-15 5.55112e-17
v 137.148 13.4633 410.266
vt 1 5.55112e-17
v 137.148 93.7759 410.266
f 173/249/42 174/250/42 175/251/42 176/247/42 

g Mesh10 Group3 Model

v 62.8117 95.8116 399.815
vn 0.708135 0 0.706077
v 37.505 95.8116 425.195
vt 0 1
v 37.505 15.499 425.195
vt 0 5.55112e-17
v 62.8117 15.499 399.815
f 177/247/43 178/252/43 179/253/43 180/251/43 

g Mesh11 Group3 Model

v 291.434 95.5523 53.0629
vt -1.77636e-15 1
vn 0.706077 0 -0.708135
v 291.434 15.2397 53.0629
vt -1.77636e-15 5.55112e-17
v 266.053 15.2397 27.7562
v 266.053 95.5523 27.7562
f 181/254/44 182/255/44 183/251/44 184/247/44 

g Mesh12 Group3 Model

v 202.486 72.5534 58.9887
vt -2.66454e-15 1
v 202.486 -7.75919 58.9887
vt -2.66454e-15 0
v 177.106 -7.75919 33.6821
v 177.106 72.5534 33.6821
f 185/256/44 186/257/44 187/246/44 188/247/44 

g Mesh13 Group3 Model

v -299.437 14.2342 213.773
vt 3.55271e-15 5.55112e-17
v -349.095 14.2342 263.575
v -349.095 95.8342 263.575
v -299.437 95.8342 213.773
vt 3.55271e-15 1
f 189/258/29 190/251/29 191/247/29 192/259/29 

g Mesh14 Group3 Model

usemtl Patio_Sliding_Doors_White_Generic_w__Slider__f6f7f4
v -177.701 92.7863 560.478
v -218.484 92.7863 601.379
vt 2.80219e-15 1
v -218.484 12.4737 601.379
vt 2.80219e-15 5.55112e-17
v -177.701 12.4737 560.478
f 193/247/43 194/260/43 195/261/43 196/251/43 

g Mesh15 Group4 Model

usemtl HOVER_Fascia_Fine_Cedar__CGT___f6f7f4
v -383.577 163.361 191.162
vt 40.6203 16.3361
vn -0.708135 -3.00026e-08 -0.706077
v -441.328 103.908 249.081
vt 48.7994 10.3908
v -448.211 103.908 255.984
vt 49.7743 10.3908
f 197/262/45 198/263/45 199/264/45

v -383.577 157.029 191.162
vt 40.6203 15.7029
f 198/263/45 197/262/45 200/265/45

v -318.943 103.908 126.339
vt 31.4663 10.3908
f 201/266/45 200/265/45 197/262/45

v -325.826 103.908 133.242
vt 32.4412 10.3908
f 200/265/45 201/266/45 202/267/45

v -222.298 103.908 29.4122
vt 17.7787 10.3908
f 203/268/45 202/267/45 201/266/45

f 203/268/45 198/263/45 202/267/45

f 203/268/45 199/264/45 198/263/45

v -546.902 103.908 354.963
vt 63.7516 10.3908
f 203/268/45 204/269/45 199/264/45

v -222.298 97.576 29.4122
vt 17.7787 9.7576
f 205/270/45 204/269/45 203/268/45

v -230.863 97.576 38.0029
vt 18.9919 9.7576
f 206/271/45 204/269/45 205/270/45

v -538.336 97.576 346.372
vt 62.5385 9.7576
f 207/272/45 204/269/45 206/271/45

v -546.902 97.576 354.963
vt 63.7516 9.7576
f 204/269/45 207/272/45 208/273/45

v -496.945 129.172 404.775
vt -6.6102 12.9172
vt -13.665 10.3908
vt -13.665 9.7576
v -496.945 122.84 404.775
vt -6.6102 12.284
f 209/274/42 204/275/42 208/276/42 210/277/42 

v -488.379 122.84 396.184
vt -62.5385 12.284
v -488.379 129.172 396.184
vt -62.5385 12.9172
vt -63.7516 12.9172
vt -63.7516 12.284
f 211/278/43 212/279/43 209/280/43 210/281/43 

v -172.341 129.172 79.2242
vt 6.6102 12.9172
vn 0.706077 -6.59134e-15 -0.708135
v -172.341 122.84 79.2242
vt 6.6102 12.284
vt 13.665 9.7576
vt 13.665 10.3908
f 213/282/46 214/283/46 205/284/46 203/285/46 

vt -17.7787 12.284
vt -17.7787 12.9172
v -180.906 129.172 87.8149
vt -18.9919 12.9172
v -180.906 122.84 87.8149
vt -18.9919 12.284
f 214/286/43 213/287/43 215/288/43 216/289/43 

g Mesh16 Group4 Model

v 497.705 187.258 448.355
vt 3.39218 18.7258
vn 0.708135 3.28158e-07 0.706077
v 670.12 106.798 275.438
vt 27.8109 10.6797
v 670.12 113.129 275.438
vt 27.8109 11.3129
v 497.705 193.59 448.355
vt 3.39218 19.359
v 325.29 113.129 621.273
vt -21.0265 11.3129
v 325.29 106.798 621.273
vt -21.0265 10.6797
f 217/290/47 218/291/47 219/292/47 220/293/47 221/294/47 222/295/47 

vt -66.9016 11.3129
vn 0.706077 2.95251e-07 -0.708135
vt -66.9016 10.6798
v 669.602 106.798 274.921
vt -66.8284 10.6798
v 374.422 106.798 -19.4005
vt -25.1443 10.6798
v 373.904 106.798 -19.9171
vt -25.0711 10.6798
v 373.904 113.129 -19.9171
vt -25.0711 11.3129
f 219/296/48 218/297/48 223/298/48 224/299/48 225/300/48 226/301/48 

vt -27.8109 10.6798
vn -0.708135 1.75557e-14 -0.706077
v 251.816 163.772 102.527
vt -10.5199 16.3772
v 251.816 170.104 102.527
vt -10.5199 17.0104
vt -27.8109 11.3129
f 225/302/49 227/303/49 228/304/49 226/305/49 

v 173.762 113.129 470.185
vt 45.5034 11.3129
vn -0.706077 -1.28458e-07 0.708135
v 173.762 106.798 470.185
vt 45.5034 10.6798
v 324.772 106.798 620.756
vt 66.8284 10.6798
vt 66.9016 10.6798
vt 66.9016 11.3129
f 229/306/50 230/307/50 231/308/50 222/309/50 221/310/50 

v -124.841 106.798 769.658
vt -63.317 10.6798
vt -21.0265 10.6798
v -124.841 113.129 769.658
vt -63.317 11.3129
f 232/311/43 230/312/43 229/294/43 233/313/43 

v -125.195 106.884 769.305
vt 45.4534 10.6889
vn -0.706078 -7.95446e-06 0.708134
v -125.195 106.798 769.305
vt 45.4534 10.6803
vt 45.5034 10.6803
vt 45.5034 11.3134
v -253.105 144.357 641.767
vt 27.3905 14.4362
v -253.105 138.025 641.767
vt 27.3905 13.803
v -138.815 110.2 755.726
vt 43.5302 11.0205
f 234/314/51 235/315/51 232/316/51 233/317/51 236/318/51 237/319/51 238/320/51 

v -247.609 144.357 636.254
vt 62.5386 14.4357
vn -0.708137 0 -0.706075
v -247.609 138.025 636.254
vt 62.5386 13.8025
vt 63.317 13.8025
vt 63.317 14.4357
f 239/321/52 240/322/52 237/323/52 236/324/52 

g Mesh17 Group4 Model

v 164.052 277.598 -1.09409
vt -11.5398 27.7598
vn 0.706077 3.23157e-08 -0.708135
v 285.203 219.061 119.705
vt -28.6483 21.9061
v 285.203 212.729 119.705
vt -28.6483 21.2729
v 164.052 271.266 -1.09409
vt -11.5398 27.1266
v 42.9009 212.729 -121.893
vt 5.56864 21.2729
v 42.9009 219.061 -121.893
vt 5.56864 21.9061
f 241/325/53 242/326/53 243/327/53 244/328/53 245/329/53 246/330/53 

v -238.701 212.729 645.136
vt -62.5385 21.2729
vn 0.708135 -3.90201e-07 0.706077
v 277.147 212.729 127.784
vt 10.5199 21.2729
vt 11.6608 21.2729
vt 11.6608 21.9061
v 76.8276 219.061 328.688
vt -17.8509 21.9061
v -246.757 219.061 653.216
vt -63.6794 21.9061
v -246.757 212.729 653.216
vt -63.6794 21.2729
f 247/331/54 248/332/54 243/333/54 242/334/54 249/335/54 250/336/54 251/337/54 

vt 22.2294 24.1023
vn -0.706077 -1.19428e-13 0.708135
v -292.211 234.691 607.893
vt 22.2294 23.4691
vt 28.6483 21.2729
vt 28.6483 21.9061
f 34/338/55 252/339/55 251/340/55 250/341/55 

vt -11.6608 21.2729
vn -0.708135 -6.55803e-08 -0.706077
v 34.845 212.729 -113.814
vt -10.5199 21.2729
v -21.0713 212.729 -57.7346
vt -2.60059 21.2729
v -21.0713 219.061 -57.7346
vt -2.60059 21.9061
vt -11.6608 21.9061
f 245/342/56 253/343/56 254/344/56 255/345/56 246/346/56 

vn 0.706077 -1.07499e-07 -0.708135
v -28.447 212.729 -65.0888
vt 6.6102 21.2729
v -39.0382 212.729 -75.6493
vt 8.10585 21.2729
v -39.0382 219.061 -75.6493
vt 8.10585 21.9061
f 255/330/57 254/329/57 256/347/57 257/348/57 258/349/57 

vn -0.708135 1.61222e-08 -0.706077
v -95.5451 263.222 -18.9777
vt 5.40234 26.3222
v -152.052 212.729 37.6939
vt 13.4053 21.2729
v -152.052 219.061 37.6939
vt 13.4053 21.9061
v -95.5451 269.553 -18.9777
vt 5.40234 26.9553
f 258/345/58 257/344/58 259/350/58 260/351/58 261/352/58 262/353/58 

vt -8.10585 21.9061
vn -0.706077 1.78735e-07 0.708135
vt -8.10585 21.2729
v -141.461 212.729 48.2544
vt -6.6102 21.2729
v -134.085 212.729 55.6086
vt -5.56863 21.2729
v -134.085 219.061 55.6086
vt -5.56863 21.9061
f 261/354/59 260/355/59 263/356/59 264/357/59 265/358/59 

vn -0.708135 -3.3439e-13 -0.706077
v -173.531 212.729 95.1691
vt 18.9919 21.2729
v -173.531 219.061 95.1691
vt 18.9919 21.9061
f 264/351/60 266/359/60 267/360/60 265/352/60 

g Mesh18 Group4 Model

v 27.8446 103.392 -137.926
vt -11.733 10.3392
vn -0.708135 6.8618e-08 -0.706077
v 19.2788 103.392 -129.335
vt -10.5199 10.3392
v -189.097 103.392 79.6481
vt 18.9919 10.3392
v -189.097 109.724 79.6481
vt 18.9919 10.9724
v 27.8446 109.724 -137.926
vt -11.733 10.9724
f 268/361/61 269/362/61 270/363/61 271/364/61 272/365/61 

v 52.3185 121.291 -113.523
vt 4.31072 12.1291
v 52.3185 114.96 -113.523
vt 4.31072 11.496
vt 7.76684 10.3392
vt 7.76684 10.9724
f 273/366/44 274/367/44 268/368/44 272/369/44 

vt 11.733 12.1291
v 43.7528 121.291 -104.932
vt 10.5199 12.1291
v 43.7528 114.96 -104.932
vt 10.5199 11.496
vt 11.733 11.496
f 273/370/43 275/371/43 276/372/43 274/373/43 

g Mesh19 Group4 Model

v -181.758 219.061 70.8537
vt 17.8509 21.9061
vn -0.708135 9.1589e-07 -0.706077
v -181.758 212.729 70.8537
vt 17.8509 21.2729
v -189.814 212.729 78.9331
v -497.287 212.729 387.302
vt 62.5385 21.2729
v -505.343 212.729 395.381
vt 63.6794 21.2729
v -505.343 219.061 395.381
vt 63.6794 21.9061
f 277/374/62 278/375/62 279/359/62 280/376/62 281/377/62 282/378/62 

v -52.4653 281.531 199.771
vt -10.3901 28.1531
vn 0.706077 -2.22684e-07 -0.708135
v -44.3236 277.598 207.889
vt -11.5399 27.7598
v -50.8758 274.432 201.356
vt -10.6146 27.4432
v -52.4653 275.2 199.771
vt -10.3901 27.52
vt 7.86811 21.2729
vt 7.86811 21.9061
f 283/379/63 284/380/63 285/381/63 286/382/63 278/383/63 277/384/63 

v -376.05 281.531 524.298
vt 10.3901 28.1531
vn -0.706077 3.36667e-07 0.708135
vt -7.86811 21.9061
vt -7.86811 21.2729
v -376.05 275.2 524.298
vt 10.3901 27.5199
vt 13.6669 26.3988
vt 13.6669 27.032
f 287/385/64 282/386/64 281/387/64 288/388/64 24/389/64 23/390/64 

g Mesh20 Group4 Model

v 353.799 113.073 1.28235
vt -25.1443 11.3073
vn 0.706077 -4.78847e-07 -0.708135
v 353.799 106.741 1.28235
vt -25.1443 10.6741
v 261.489 106.741 -90.7602
vt -12.1086 10.6741
v 255.228 106.741 -97.003
vt -11.2244 10.6741
v 255.228 113.073 -97.003
vt -11.2244 11.3073
f 289/391/65 290/392/65 291/393/65 292/394/65 293/395/65 

vt -24.8901 10.6741
vn -0.708135 1.27086e-14 -0.706077
v 153.762 152.776 4.75788
vt -10.5199 15.2776
v 153.762 159.107 4.75788
vt -10.5199 15.9107
vt -24.8901 11.3073
f 292/396/66 294/397/66 295/398/66 293/399/66 

g Mesh21 Group5 Model

usemtl Ply_Gem_Mitten_Sentry_4_5___667c8f
v 251.816 170.104 102.527
vt -5.57137 3.78009
vn 0.706077 -6.87423e-09 -0.708135
v 266.115 212.729 116.784
vt -6.02009 4.72731
v 266.115 170.104 116.784
vt -6.02009 3.78009
f 296/400/67 297/401/67 298/402/67

v 228.351 205.252 79.1295
vt -4.83499 4.56116
f 299/403/67 297/401/67 296/400/67

v 155.996 271.266 6.98522
vt -2.56441 6.02813
f 300/404/67 297/401/67 299/403/67

v 268.24 212.729 118.902
vt -6.08676 4.72731
f 300/404/67 301/405/67 297/401/67

v 277.147 212.729 127.784
vt -6.3663 4.72731
f 301/405/67 300/404/67 302/406/67

v 185.219 224.319 36.1229
vt -3.48146 4.98488
f 300/404/67 299/403/67 303/407/67

v 192.163 205.252 43.0473
vt -3.69939 4.56116
f 303/407/67 299/403/67 304/408/67

v 185.219 209.607 36.1229
vt -3.48146 4.65793
f 303/407/67 304/408/67 305/409/67

v 153.762 159.107 4.75788
vt -2.49431 3.53572
f 304/408/67 306/410/67 305/409/67

v 192.163 165.394 43.0473
vt -3.69939 3.67543
f 307/411/67 306/410/67 304/408/67

v 228.351 165.394 79.1295
vt -4.83499 3.67543
f 308/412/67 306/410/67 307/411/67

v 251.816 163.772 102.527
vt -5.57137 3.63938
f 309/413/67 306/410/67 308/412/67

v 252.334 163.772 103.043
vt -5.58763 3.63938
f 310/414/67 306/410/67 309/413/67

v 252.334 159.107 103.043
vt -5.58763 3.53572
f 306/410/67 310/414/67 311/415/67

f 309/413/67 308/412/67 296/400/67

f 299/403/67 296/400/67 308/412/67

v 149.085 209.607 0.0936913
vt -2.34752 4.65793
f 305/409/67 306/410/67 312/416/67

v 29.5938 -1.5 -119.05
vt 1.40227 -0.0333333
f 306/410/67 313/417/67 312/416/67

v 153.762 152.776 4.75788
vt -2.49431 3.39502
f 314/418/67 313/417/67 306/410/67

v 160.023 -1.5 11.0007
vt -2.69079 -0.0333333
f 314/418/67 315/419/67 313/417/67

v 160.023 152.776 11.0007
vt -2.69079 3.39502
f 316/420/67 315/419/67 314/418/67

v 160.023 149.626 11.0007
vt -2.69079 3.32501
f 317/421/67 315/419/67 316/420/67

v 160.023 107.776 11.0007
vt -2.69079 2.39502
f 318/422/67 315/419/67 317/421/67

v 160.023 104.776 11.0007
vt -2.69079 2.32835
f 315/419/67 318/422/67 319/423/67

v 249.824 108.883 -79.0617
vt -5.16403 2.41963
vn -0.708135 3.71132e-16 -0.706077
v 249.824 107.776 -79.0617
vt -5.16403 2.39502
vt -2.33775 2.39502
vt -2.33775 3.32501
f 320/424/68 321/425/68 318/426/68 317/427/68 

v 142.953 209.607 -6.01963
vt -2.15511 4.65793
f 312/416/67 313/417/67 322/428/67

v 106.819 209.607 -42.0489
vt -1.02117 4.65793
f 322/428/67 313/417/67 323/429/67

v 106.819 224.319 -42.0489
vt -1.02117 4.98488
f 323/429/67 313/417/67 324/430/67

v 45.8772 115.964 -102.814
vt 0.891272 2.57697
f 324/430/67 313/417/67 325/431/67

v 43.7528 114.96 -104.932
vt 0.957939 2.55466
f 325/431/67 313/417/67 326/432/67

v 29.5938 103.392 -119.05
vt 1.40227 2.2976
f 326/432/67 313/417/67 327/433/67

v 19.2788 103.392 -129.335
vt 1.72596 2.2976
f 326/432/67 327/433/67 328/434/67

v 27.4694 103.392 -121.168
vt 1.46893 2.2976
f 328/434/67 327/433/67 329/435/67

v 45.8772 212.729 -102.814
vt 0.891272 4.72731
f 330/436/67 324/430/67 325/431/67

v 34.845 212.729 -113.814
vt 1.23747 4.72731
f 331/437/67 324/430/67 330/436/67

f 300/404/67 324/430/67 331/437/67

v 149.085 224.319 0.0936913
vt -2.34752 4.98488
f 300/404/67 332/438/67 324/430/67

f 300/404/67 303/407/67 332/438/67

v 142.953 224.319 -6.01963
vt -2.15511 4.98488
f 324/430/67 332/438/67 333/439/67

f 333/439/67 332/438/67 322/428/67

f 312/416/67 322/428/67 332/438/67

v 43.7528 212.729 -104.932
vt 0.957939 4.72731
f 331/437/67 330/436/67 334/440/67

g Mesh22 Group5 Model

v -86.5376 152.402 474.714
vt -8.82808 3.38671
vn 0.708135 -2.32548e-16 0.706077
v -53.3997 166.2 441.479
vt -7.78514 3.69332
v -86.5376 204.093 474.714
vt -8.82808 4.5354
f 335/441/69 336/442/69 337/443/69

v -4.39794 164.848 392.335
vt -6.24292 3.66328
f 336/442/69 335/441/69 338/444/69

v 15.183 164.848 372.697
vt -5.62665 3.66328
f 338/444/69 335/441/69 339/445/69

v 112.413 144.357 275.183
vt -2.56654 3.20793
f 335/441/69 340/446/69 339/445/69

v -245.491 144.357 634.13
vt -13.8308 3.20793
f 340/446/69 335/441/69 341/447/69

v -122.87 152.402 511.152
vt -9.97157 3.38671
f 342/448/69 341/447/69 335/441/69

v -245.491 212.729 634.13
vt -13.8308 4.72731
f 341/447/69 342/448/69 343/449/69

v -122.87 204.093 511.152
vt -9.97157 4.5354
f 343/449/69 342/448/69 344/450/69

v -53.3997 204.759 441.479
vt -7.78514 4.55019
f 343/449/69 344/450/69 345/451/69

f 337/443/69 345/451/69 344/450/69

f 337/443/69 336/442/69 345/451/69

v -4.39794 205.256 392.335
vt -6.24292 4.56125
f 343/449/69 345/451/69 346/452/69

v -27.2729 204.759 415.276
vt -6.96286 4.55019
f 347/453/69 346/452/69 345/451/69

v -27.2729 166.2 415.276
vt -6.96286 3.69332
f 348/454/69 346/452/69 347/453/69

f 346/452/69 348/454/69 338/444/69

f 336/442/69 338/444/69 348/454/69

v 266.121 212.729 121.027
vt 2.27109 4.72731
f 343/449/69 346/452/69 349/455/69

v 15.183 205.256 372.697
vt -5.62665 4.56125
f 350/456/69 349/455/69 346/452/69

v 217.913 193.59 169.376
vt 0.753817 4.302
f 351/457/69 349/455/69 350/456/69

v 266.121 171.093 121.027
vt 2.27109 3.80206
f 349/455/69 351/457/69 352/458/69

f 339/445/69 351/457/69 350/456/69

f 339/445/69 340/446/69 351/457/69

g Mesh23 Group5 Model

v 658.602 -1.5 285.953
vt 5.834 -0.0333335
vn 0.708135 1.29938e-08 0.706077
v 609.351 45.8081 335.347
vt 4.28395 1.01796
vt -4.32636 -0.0333335
f 353/459/70 354/460/70 96/461/70

v 658.602 106.798 285.953
vt 5.834 2.37328
f 354/460/70 353/459/70 355/462/70

v 609.351 96.6504 335.347
vt 4.28395 2.14779
f 354/460/70 355/462/70 356/463/70

v 567.994 96.6504 376.825
vt 2.98231 2.14779
f 356/463/70 355/462/70 357/464/70

v 529.465 97.0339 415.466
vt 1.7697 2.15631
f 357/464/70 355/462/70 358/465/70

v 496.777 97.0339 448.249
vt 0.740925 2.15631
f 358/465/70 355/462/70 359/466/70

v 335.772 106.798 609.724
vt -4.32636 2.37328
f 360/467/70 359/466/70 355/462/70

v 496.777 78.5779 448.249
vt 0.740925 1.74617
f 360/467/70 361/468/70 359/466/70

v 567.994 45.8081 376.825
vt 2.98231 1.01796
f 360/467/70 362/469/70 361/468/70

f 96/461/70 362/469/70 360/467/70

f 362/469/70 96/461/70 354/460/70

v 529.465 78.5779 415.466
vt 1.7697 1.74617
f 361/468/70 362/469/70 363/470/70

f 357/464/70 363/470/70 362/469/70

f 363/470/70 357/464/70 358/465/70

v 497.187 187.258 447.839
vt 0.753816 4.1613
f 355/462/70 364/471/70 360/467/70

v 669.602 106.798 274.921
vt 6.1802 2.37328
f 355/462/70 365/472/70 364/471/70

v 660.72 106.798 283.829
vt 5.90066 2.37328
f 365/472/70 355/462/70 366/473/70

v 324.772 106.798 620.756
vt -4.67257 2.37328
f 360/467/70 364/471/70 367/474/70

v 333.653 106.798 611.849
vt -4.39303 2.37328
f 367/474/70 368/475/70 360/467/70

g Mesh24 Group5 Model

v 367.665 -1.5 -8.37457
vt -5.65429 -0.0333333
vn 0.706077 -3.76028e-16 -0.708135
v 511.325 33.8915 134.868
vt -10.1625 0.753145
v 658.595 -1.5 281.711
vt -14.7841 -0.0333333
f 369/476/71 370/477/71 371/478/71

v 484.317 33.8915 107.938
vt -9.31498 0.753145
f 370/477/71 369/476/71 372/479/71

v 423.187 33.8915 46.9865
vt -7.39666 0.753145
f 372/479/71 369/476/71 373/480/71

v 396.179 33.8915 20.0567
vt -6.5491 0.753145
f 373/480/71 369/476/71 374/481/71

v 396.179 95.4953 20.0567
vt -6.5491 2.12212
f 374/481/71 369/476/71 375/482/71

v 367.665 106.798 -8.37457
vt -5.65429 2.37328
f 376/483/71 375/482/71 369/476/71

v 423.187 95.4953 46.9865
vt -7.39666 2.12212
f 376/483/71 377/484/71 375/482/71

v 484.317 95.4953 107.938
vt -9.31498 2.12212
f 376/483/71 378/485/71 377/484/71

v 511.325 95.4953 134.868
vt -10.1625 2.12212
f 376/483/71 379/486/71 378/485/71

v 658.595 106.798 281.711
vt -14.7841 2.37328
f 380/487/71 379/486/71 376/483/71

f 379/486/71 380/487/71 371/478/71

f 379/486/71 371/478/71 370/477/71

f 377/484/71 378/485/71 373/480/71

f 372/479/71 373/480/71 378/485/71

g Mesh25 Group5 Model

v 94.6546 -1.5 373.544
vt -4.39303 -0.0333333
vn 0.708135 9.73354e-17 0.706077
v 67.0564 13.499 401.223
vt -5.26162 0.299978
v 36.1455 -1.5 432.224
vt -6.23447 -0.0333333
f 381/488/72 382/489/72 383/490/72

v 94.6546 113.129 373.544
vt -4.39303 2.51399
f 382/489/72 381/488/72 384/491/72

vt 7.35065 -0.0333333
v 96.2971 54.3589 375.182
vt 7.40219 1.20798
vt 7.35065 2.51399
f 381/492/42 385/493/42 384/494/42

v 105.776 54.3589 384.633
vt 7.69966 1.20798
f 381/492/42 386/495/42 385/493/42

v 107.527 11.4633 386.379
vt 7.7546 0.25474
f 381/492/42 387/496/42 386/495/42

v 135.74 11.4633 414.51
vt 8.63996 0.25474
f 381/492/42 388/497/42 387/496/42

v 274.93 44.2976 553.295
vt 13.0079 0.984391
f 381/492/42 389/498/42 388/497/42

v 331.529 -1.5 609.73
vt 14.7841 -0.0333333
f 390/499/42 389/498/42 381/492/42

v 274.93 97.1399 553.295
vt 13.0079 2.15866
f 389/498/42 390/499/42 391/500/42

v 331.529 106.798 609.73
vt 14.7841 2.37328
f 392/501/42 391/500/42 390/499/42

v 153.817 106.798 432.535
vt 9.20725 2.37328
f 391/500/42 392/501/42 393/502/42

v 232.035 97.1399 510.526
vt 11.6618 2.15866
f 391/500/42 393/502/42 394/503/42

v 192.361 98.5807 470.967
vt 10.4168 2.19068
f 394/503/42 393/502/42 395/504/42

v 158.162 98.5807 436.867
vt 9.34359 2.19068
f 395/504/42 393/502/42 396/505/42

v 158.162 78.1247 436.867
vt 9.34359 1.73611
f 396/505/42 393/502/42 397/506/42

v 153.817 101.11 432.535
vt 9.20725 2.24689
f 398/507/42 397/506/42 393/502/42

f 388/497/42 397/506/42 398/507/42

v 192.361 78.1247 470.967
vt 10.4168 1.73611
f 388/497/42 399/508/42 397/506/42

v 232.035 44.2976 510.526
vt 11.6618 0.984391
f 388/497/42 400/509/42 399/508/42

f 388/497/42 389/498/42 400/509/42

f 399/508/42 400/509/42 395/504/42

f 394/503/42 395/504/42 400/509/42

v 142.751 101.11 421.501
vt 8.85998 2.24689
f 388/497/42 398/507/42 401/510/42

v 135.74 95.7759 414.51
vt 8.63996 2.12835
f 388/497/42 401/510/42 402/511/42

f 401/510/42 384/494/42 402/511/42

v 142.751 113.129 421.501
vt 8.85998 2.51399
f 384/494/42 401/510/42 403/512/42

v 107.527 95.7759 386.379
vt 7.7546 2.12835
f 402/511/42 384/494/42 404/513/42

v 105.776 95.9754 384.633
vt 7.69966 2.13279
f 404/513/42 384/494/42 405/514/42

v 96.2971 95.9754 375.182
vt 7.40219 2.13279
f 405/514/42 384/494/42 406/515/42

f 406/515/42 384/494/42 385/493/42

f 404/513/42 405/514/42 387/496/42

f 386/495/42 387/496/42 405/514/42

v 67.0564 97.8116 401.223
vt -5.26162 2.17359
f 382/489/72 384/491/72 407/516/72

v 38.9254 97.8116 429.436
vt -6.14698 2.17359
f 407/516/72 384/491/72 408/517/72

v 36.1455 113.129 432.224
vt -6.23447 2.51399
f 409/518/72 408/517/72 384/491/72

v 38.9254 13.499 429.436
vt -6.14698 0.299978
f 409/518/72 410/519/72 408/517/72

f 383/490/72 410/519/72 409/518/72

f 410/519/72 383/490/72 382/489/72

g Mesh26 Group5 Model

v -247.609 138.025 636.254
vt 6.08676 3.06723
vn -0.706077 8.69692e-10 0.708135
v -249.733 138.542 634.136
vt 6.0201 3.07872
v -249.733 212.729 634.136
vt 6.0201 4.72731
v -247.609 212.729 636.254
vt 6.08676 4.72731
vt 6.3663 4.72731
vt 4.93988 5.21536
v -284.156 110.2 599.814
vt 4.93988 2.44888
v -249.733 110.2 634.136
vt 6.0201 2.44888
v -247.609 110.2 636.254
vt 6.08676 2.44888
v -133.318 110.2 750.213
vt 9.67336 2.44888
f 411/520/73 412/521/73 413/522/73 414/523/73 247/524/73 32/525/73 415/526/73 416/527/73 417/528/73 418/529/73 

g Mesh27 Group5 Model

vt 2.33775 -0.0333333
vn 0.708135 8.90653e-17 0.706077
vt 5.18494 -0.0333333
v 254.714 97.1111 -75.5143
vt 5.18494 2.15803
v 253.062 97.1111 -73.8574
vt 5.13294 2.15803
v 253.062 106.741 -73.8574
vt 5.13294 2.37203
v 164.249 106.741 15.2144
vt 2.33775 2.37203
f 128/530/74 127/531/74 419/532/74 420/533/74 421/534/74 422/535/74 

g Mesh28 Group5 Model

v -370.788 129.172 278.25
vt 10.1965 2.87049
vn -0.708135 4.44533e-16 -0.706077
v -392.697 152.41 300.223
vt 10.8861 3.3869
v -333.62 163.361 240.974
vt 9.02673 3.63025
f 423/536/75 424/537/75 425/538/75

v -446.486 152.41 354.168
vt 12.5789 3.3869
f 424/537/75 423/536/75 426/539/75

v -486.261 129.172 394.059
vt 13.8308 2.87049
f 427/540/75 426/539/75 423/536/75

v -486.261 212.729 394.059
vt 13.8308 4.72731
f 426/539/75 427/540/75 428/541/75

v -446.486 204.062 354.168
vt 12.5789 4.53471
f 426/539/75 428/541/75 429/542/75

v -392.697 204.062 300.223
vt 10.8861 4.53471
f 429/542/75 428/541/75 430/543/75

v -269.359 204.062 176.525
vt 7.00427 4.53471
f 430/543/75 428/541/75 431/544/75

v -215.57 204.062 122.58
vt 5.31138 4.53471
f 431/544/75 428/541/75 432/545/75

v -183.024 212.729 89.9393
vt 4.28708 4.72731
f 433/546/75 432/545/75 428/541/75

v -215.57 152.41 122.58
vt 5.31138 3.3869
f 433/546/75 434/547/75 432/545/75

v -183.024 129.172 89.9393
vt 4.28708 2.87049
f 435/548/75 434/547/75 433/546/75

v -269.359 152.41 176.525
vt 7.00427 3.3869
f 434/547/75 435/548/75 436/549/75

f 435/548/75 425/538/75 436/549/75

v -296.451 129.172 203.697
vt 7.85694 2.87049
f 425/538/75 435/548/75 437/550/75

f 436/549/75 425/538/75 431/544/75

f 431/544/75 425/538/75 430/543/75

f 425/538/75 424/537/75 430/543/75

g Mesh29 Group5 Model

v -6.24795 113.129 394.19
vt 6.08676 2.51399
vn -0.706077 -5.85924e-13 0.708135
v 26.1287 103.713 426.473
vt 7.10278 2.30473
v 31.9028 113.129 432.23
vt 7.28398 2.51399
f 438/551/76 439/552/76 440/553/76

v -0.818976 103.713 399.603
vt 6.25713 2.30473
f 439/552/76 438/551/76 441/554/76

v -0.818976 38.1441 399.603
vt 6.25713 0.847646
f 441/554/76 438/551/76 442/555/76

v -6.24795 -1.5 394.19
vt 6.08676 -0.0333333
f 443/556/76 442/555/76 438/551/76

v 26.1287 38.1441 426.473
vt 7.10278 0.847646
f 443/556/76 444/557/76 442/555/76

v 31.9028 -1.5 432.23
vt 7.28398 -0.0333333
f 445/558/76 444/557/76 443/556/76

f 444/557/76 445/558/76 440/553/76

f 444/557/76 440/553/76 439/552/76

g Mesh30 Group5 Model

v -120.498 121.291 59.7979
vt -0.957939 2.69536
vn -0.706077 3.57143e-18 0.708135
v -120.498 212.729 59.7979
vt -0.957939 4.72731
v -134.657 212.729 45.6801
vt -1.40227 4.72731
v -134.657 114.599 45.6801
vt -1.40227 2.54665
f 446/559/77 447/560/77 448/561/77 449/562/77 

vt 2.83169 2.69536
v -164.623 121.291 104.051
vt 4.22041 2.69536
v -164.623 212.729 104.051
vt 4.22041 4.72731
vt 2.83169 4.72731
f 446/563/29 450/564/29 451/565/29 447/566/29 

v -219.363 103.392 49.4695
vt 2.67577 2.2976
vn 0.706077 -3.63908e-08 -0.708135
v -180.906 122.84 87.8149
vt 1.46893 2.72978
v -178.782 123.915 89.9331
vt 1.40227 2.75366
v -178.782 212.729 89.9331
vt 1.40227 4.72731
v -180.906 212.729 87.8149
vt 1.46893 4.72731
vt 1.74847 4.72731
v -60.5211 275.2 207.85
vt -2.30891 6.11555
v -58.9317 274.432 209.435
vt -2.35879 6.09848
vt 1.23747 4.86802
v -173.531 212.729 95.1691
vt 0.957938 4.72731
vt 0.957938 2.69536
vt 1.72596 2.4383
v -213.055 103.392 55.7594
vt 2.47781 2.2976
f 452/567/78 453/568/78 454/569/78 455/570/78 456/571/78 279/572/78 457/573/78 458/574/78 267/575/78 459/437/78 451/576/78 450/577/78 271/578/78 270/434/78 460/579/78 

g Mesh31 Group5 Model

v -16.8425 212.729 -44.1602
vn 0.706077 5.71428e-17 -0.708135
v -16.8425 121.291 -44.1602
vt 0.957939 2.69536
v -31.0015 114.599 -58.278
vt 1.40227 2.54665
v -31.0015 212.729 -58.278
f 461/440/79 462/580/79 463/581/79 464/570/79 

vt -0.430651 2.69536
vn -0.708135 -7.0266e-09 -0.706077
vt -0.430651 4.72731
v 41.6345 212.729 -102.808
vt -2.27109 4.72731
v 41.6345 121.291 -102.808
vt -2.27109 2.69536
f 462/582/80 461/583/80 465/584/80 466/585/80 

g Mesh32 Group5 Model

v -344.79 263.988 539.356
vt 3.0371 5.8664
vn -0.706077 -7.29423e-09 0.708135
v -346.822 204.369 537.33
vt 2.97333 4.54153
v -344.79 110.2 539.356
vt 3.0371 2.44888
f 467/586/81 468/587/81 469/588/81

v -367.994 275.2 516.219
vt 2.30891 6.11555
f 468/587/81 467/586/81 470/589/81

v -381.583 204.369 502.67
vt 1.88248 4.54153
f 468/587/81 470/589/81 471/590/81

v -486.255 212.729 398.302
f 471/590/81 470/589/81 472/561/81

v -497.287 212.729 387.302
vt -1.74847 4.72731
f 472/561/81 470/589/81 473/591/81

v -488.379 212.729 396.184
vt -1.46893 4.72731
f 472/561/81 473/591/81 474/592/81

v -381.583 153.651 502.67
vt 1.88248 3.41446
f 471/590/81 472/561/81 475/593/81

v -486.255 123.915 398.302
vt -1.40227 2.75366
f 476/594/81 475/593/81 472/561/81

v -488.379 110.2 396.184
vt -1.46893 2.44888
f 477/595/81 475/593/81 476/594/81

v -346.822 153.651 537.33
vt 2.97333 3.41446
f 477/595/81 478/596/81 475/593/81

f 469/588/81 478/596/81 477/595/81

f 478/596/81 469/588/81 468/587/81

vt -1.46893 2.72978
f 477/595/81 476/594/81 211/597/81

v -488.379 103.392 396.184
vt -1.46893 2.2976
f 477/595/81 211/597/81 479/598/81

v -520.528 103.392 364.128
vt -2.47781 2.2976
f 479/598/81 211/597/81 480/599/81

v -526.836 103.392 357.839
vt -2.67577 2.2976
f 480/599/81 211/597/81 481/600/81

g Mesh33 Group6 Model

usemtl Ply_Gem_Mitten_Sentry_4_5___9a9e9d
v -154.398 113.129 719.516
vt -8.85998 2.51399
vn 0.706077 1.2895e-08 -0.708135
v -154.398 101.11 719.516
vt -8.85998 2.24689
v -143.332 101.11 730.55
vt -9.20725 2.24689
v -143.332 106.798 730.55
vt -9.20725 2.37328
v -119.462 106.798 754.35
vt -9.9563 2.37328
v -119.462 -1.5 754.35
vt -9.9563 -0.0333332
vt -9.9563 -0.322222
v -242.769 -14.5 631.401
vt -6.08676 -0.322222
v -242.769 -1.5 631.401
vt -6.08676 -0.0333332
v -242.769 113.129 631.401
vt -6.08676 2.51399
f 482/601/82 483/602/82 484/603/82 485/604/82 486/605/82 487/606/82 157/607/82 488/608/82 489/609/82 490/610/82 

vt 13.7451 -0.0333333
vn -0.708135 -4.71632e-16 -0.706077
vt 13.7451 2.37328
v -93.6905 106.798 728.503
vt 12.934 2.37328
v -93.6905 -1.5 728.503
vt 12.934 -0.0333333
f 487/611/83 486/612/83 491/613/83 492/614/83 

g Mesh34 Group6 Model

v -247.609 -1.5 636.254
vt 13.8974 -0.0333333
vn -0.708135 -3.32917e-16 -0.706077
v -247.609 -14.5 636.254
vt 13.8974 -0.322222
v -257.96 -14.5 646.635
vt 14.2232 -0.322222
v -257.96 110.2 646.635
vt 14.2232 2.44888
vt 13.8974 2.44888
f 493/615/84 494/616/84 495/617/84 496/618/84 417/619/84 

v -132.174 -14.5 772.056
vt 10.0341 -0.322222
vn -0.706077 -4.3916e-09 0.708135
v -132.174 -1.5 772.056
vt 10.0341 -0.0333333
v -132.174 107.401 772.056
vt 10.0341 2.38669
v -143.669 110.2 760.594
vt 9.67335 2.44888
vt 6.08676 -0.322222
f 497/620/85 498/621/85 499/622/85 500/623/85 496/528/85 495/624/85 

g Mesh35 Group6 Model

v -128.625 106.884 772.745
vt -14.1784 2.37521
vn 0.708136 -6.23386e-07 0.706076
v -128.625 -1.5 772.745
vt -14.1784 -0.033327
v -89.0876 -1.5 733.092
vt -12.934 -0.033327
v -89.0876 106.798 733.092
vt -12.934 2.37329
vt -14.0704 2.3733
v -125.195 106.884 769.305
vt -14.0704 2.37521
f 501/625/86 502/626/86 503/627/86 504/628/86 235/629/86 505/630/86 

g Mesh36 Group7 Model

usemtl HOVER_Openings_Trim__f6f7f4
v -205.652 32.0283 108.449
vt 8.36587 1.33451
vn 0.043147 0 -0.999069
v -209.648 36.0283 108.276
vt 8.53254 1.50118
v -205.652 94.917 108.449
vt 8.36587 3.95488
f 506/631/87 507/632/87 508/633/87

v -233.159 32.0283 107.261
vt 9.51309 1.33451
f 507/632/87 506/631/87 509/634/87

v -229.163 36.0283 107.433
vt 9.34643 1.50118
f 507/632/87 509/634/87 510/635/87

v -229.163 90.917 107.433
vt 9.34643 3.78821
f 510/635/87 509/634/87 511/636/87

v -233.159 94.917 107.261
vt 9.51309 3.95488
f 512/637/87 511/636/87 509/634/87

v -209.648 90.917 108.276
vt 8.53254 3.78821
f 512/637/87 513/638/87 511/636/87

f 508/633/87 513/638/87 512/637/87

f 513/638/87 508/633/87 507/632/87

g Mesh37 Group7 Model

v -127.959 31.6284 516.256
vt -18.997 1.31785
v -130.077 34.6284 518.38
vt -19.122 1.44285
v -160.957 31.6284 549.35
vt -20.9443 1.31785
f 514/639/43 515/640/43 516/641/43

v -127.959 91.4839 516.256
vt -18.997 3.81183
f 515/640/43 514/639/43 517/642/43

v -130.077 88.4839 518.38
vt -19.122 3.68683
f 515/640/43 517/642/43 518/643/43

v -158.839 88.4839 547.226
vt -20.8193 3.68683
f 518/643/43 517/642/43 519/644/43

v -160.957 91.4839 549.35
vt -20.9443 3.81183
f 520/645/43 519/644/43 517/642/43

v -158.839 34.6284 547.226
vt -20.8193 1.44285
f 520/645/43 521/646/43 519/644/43

f 516/641/43 521/646/43 520/645/43

f 521/646/43 516/641/43 515/640/43

g Mesh38 Group7 Model

v 67.0564 13.499 401.223
vt -9.86554 0.562459
v 65.6443 15.499 402.639
vt -9.94887 0.645792
v 38.9254 13.499 429.436
vt -11.5256 0.562459
f 522/647/43 523/648/43 524/649/43

v 67.0564 97.8116 401.223
vt -9.86554 4.07548
f 523/648/43 522/647/43 525/650/43

v 65.6443 95.8116 402.639
vt -9.94887 3.99215
f 523/648/43 525/650/43 526/651/43

v 40.3376 95.8116 428.02
vt -11.4423 3.99215
f 526/651/43 525/650/43 527/652/43

v 38.9254 97.8116 429.436
vt -11.5256 4.07548
f 528/653/43 527/652/43 525/650/43

v 40.3376 15.499 428.02
vt -11.4423 0.645792
f 528/653/43 529/654/43 527/652/43

f 524/649/43 529/654/43 528/653/43

f 529/654/43 524/649/43 523/648/43

vt 2.73518 -16.7766
v 62.8117 15.499 399.815
vt 2.61715 -16.659
v 37.505 15.499 425.195
vt 1.56271 -17.7165
vt 1.68073 -17.8341
f 523/655/10 530/656/10 531/657/10 529/658/10 

vt 13.7825 3.99215
vn -0.706076 0 0.708136
v 62.8117 95.8116 399.815
vt 13.6158 3.99215
vt 13.6158 0.645792
vt 13.7825 0.645792
f 526/659/88 532/660/88 530/661/88 523/662/88 

vt -2.73518 -16.7766
vn 0 -1 -0
vt -1.68073 -17.8341
v 37.505 95.8116 425.195
vt -1.56271 -17.7165
vt -2.61715 -16.659
f 526/663/89 527/664/89 533/665/89 532/666/89 

vt -13.7825 3.99215
vn 0.706076 0 -0.708136
vt -13.7825 0.645792
vt -13.6158 0.645792
vt -13.6158 3.99215
f 527/667/90 529/668/90 531/669/90 533/670/90 

g Mesh39 Group7 Model

vt -4.04083 8.73361
v 140.121 213.607 -8.84394
vt -3.87417 8.90028
vt -4.04083 9.34664
f 322/671/44 534/672/44 333/673/44

vt -1.91469 8.73361
f 534/672/44 322/671/44 323/674/44

v 109.652 213.607 -39.2246
vt -2.08136 8.90028
f 534/672/44 323/674/44 535/675/44

v 109.652 220.319 -39.2246
vt -2.08136 9.17998
f 535/675/44 323/674/44 536/676/44

vt -1.91469 9.34664
f 324/677/44 536/676/44 323/674/44

v 140.121 220.319 -8.84394
vt -3.87417 9.17998
f 324/677/44 537/678/44 536/676/44

f 333/673/44 537/678/44 324/677/44

f 537/678/44 333/673/44 534/672/44

g Mesh40 Group7 Model

vt 14.4369 3.99898
v 104.36 93.9754 383.221
vt 14.3535 3.91564
vt 14.4369 2.26496
f 405/679/42 538/680/42 386/681/42

v 96.2971 95.9754 375.182
vt 13.8791 3.99898
f 538/680/42 405/679/42 539/682/42

v 97.7134 93.9754 376.594
vt 13.9624 3.91564
f 538/680/42 539/682/42 540/683/42

v 97.7134 56.3589 376.594
vt 13.9624 2.34829
f 540/683/42 539/682/42 541/684/42

v 96.2971 54.3589 375.182
vt 13.8791 2.26496
f 542/685/42 541/684/42 539/682/42

v 104.36 56.3589 383.221
vt 14.3535 2.34829
f 542/685/42 543/686/42 541/684/42

f 386/681/42 543/686/42 542/685/42

f 543/686/42 386/681/42 538/680/42

g Mesh41 Group7 Model

v -446.486 152.41 354.168
vt 23.5855 6.35043
v -442.955 157.41 350.628
vt 23.3772 6.55876
v -392.697 152.41 300.223
vt 20.4114 6.35043
f 544/687/29 545/688/29 546/689/29

v -446.486 204.062 354.168
vt 23.5855 8.50259
f 545/688/29 544/687/29 547/690/29

v -442.955 199.062 350.628
vt 23.3772 8.29425
f 545/688/29 547/690/29 548/691/29

v -396.227 199.062 303.763
vt 20.6197 8.29425
f 548/691/29 547/690/29 549/692/29

v -392.697 204.062 300.223
vt 20.4114 8.50259
f 550/693/29 549/692/29 547/690/29

v -396.227 157.41 303.763
vt 20.6197 6.55876
f 550/693/29 551/694/29 549/692/29

f 546/689/29 551/694/29 550/693/29

f 551/694/29 546/689/29 545/688/29

g Mesh42 Group7 Model

v -29.9432 60.9104 417.955
vt -13.2129 2.53793
v -32.0615 63.9104 420.079
vt -13.3379 2.66293
v -56.739 60.9104 444.828
vt -14.7942 2.53793
f 552/695/43 553/696/43 554/697/43

v -29.9432 97.3417 417.955
vt -13.2129 4.0559
f 553/696/43 552/695/43 555/698/43

v -32.0615 94.3417 420.079
vt -13.3379 3.9309
f 553/696/43 555/698/43 556/699/43

v -54.6208 94.3417 442.704
vt -14.6692 3.9309
f 556/699/43 555/698/43 557/700/43

v -56.739 97.3417 444.828
vt -14.7942 4.0559
f 558/701/43 557/700/43 555/698/43

v -54.6208 63.9104 442.704
vt -14.6692 2.66293
f 558/701/43 559/702/43 557/700/43

f 554/697/43 559/702/43 558/701/43

f 559/702/43 554/697/43 553/696/43

g Mesh43 Group7 Model

v -354.047 12.2342 261.461
vt 18.1306 0.509759
v -352.635 14.2342 260.044
vt 18.0473 0.593092
v -301.566 12.2342 208.826
vt 15.0336 0.509759
f 560/703/29 561/704/29 562/705/29

v -354.047 97.8342 261.461
vt 18.1306 4.07643
f 561/704/29 560/703/29 563/706/29

v -352.635 95.8342 260.044
vt 18.0473 3.99309
f 561/704/29 563/706/29 564/707/29

v -302.978 95.8342 210.243
vt 15.1169 3.99309
f 564/707/29 563/706/29 565/708/29

v -301.566 97.8342 208.826
vt 15.0336 4.07643
f 566/709/29 565/708/29 563/706/29

v -302.978 14.2342 210.243
vt 15.1169 0.593092
f 566/709/29 567/710/29 565/708/29

f 562/705/29 567/710/29 566/709/29

f 567/710/29 562/705/29 561/704/29

v -299.437 14.2342 213.773
vt -12.4766 -8.90721
vt -12.6241 -8.76011
vt -14.6931 -10.8352
v -349.095 14.2342 263.575
vt -14.5456 -10.9823
f 568/711/10 567/712/10 561/713/10 569/714/10 

vt -2.75428 3.99309
vn -0.706075 0 0.708137
vt -2.75428 0.593092
vt -2.54595 0.593092
v -299.437 95.8342 213.773
vt -2.54595 3.99309
f 565/715/91 567/716/91 568/717/91 570/718/91 

vt 12.4766 -8.90721
v -349.095 95.8342 263.575
vt 14.5456 -10.9823
vt 14.6931 -10.8352
vt 12.6241 -8.76011
f 570/719/89 571/720/89 564/721/89 565/722/89 

vt 2.75429 3.99309
vn 0.706075 0 -0.708137
vt 2.54596 3.99309
vt 2.54596 0.593092
vt 2.75429 0.593092
f 564/723/92 571/724/92 569/725/92 561/726/92 

g Mesh44 Group7 Model

vt -13.8687 1.41215
v 421.063 36.8915 44.8682
vt -13.7437 1.53715
vt -13.8687 3.97897
f 373/727/44 572/728/44 377/729/44

vt -12.2796 1.41215
f 572/728/44 373/727/44 374/730/44

v 398.303 36.8915 22.1749
vt -12.4046 1.53715
f 572/728/44 374/730/44 573/731/44

v 398.303 92.4953 22.1749
vt -12.4046 3.85397
f 573/731/44 374/730/44 574/732/44

vt -12.2796 3.97897
f 375/733/44 574/732/44 374/730/44

v 421.063 92.4953 44.8682
vt -13.7437 3.85397
f 375/733/44 575/734/44 574/732/44

f 377/729/44 575/734/44 375/733/44

f 575/734/44 377/729/44 572/728/44

g Mesh45 Group7 Model

v 312.29 36.1013 42.9125
vt -7.92138 1.50422
v 314.408 39.1013 40.7881
vt -8.04638 1.62922
v 330.055 36.1013 25.0956
vt -8.96972 1.50422
f 576/735/29 577/736/29 578/737/29

v 312.29 94.2644 42.9125
vt -7.92138 3.92769
f 577/736/29 576/735/29 579/738/29

v 314.408 91.2644 40.7881
vt -8.04638 3.80269
f 577/736/29 579/738/29 580/739/29

v 327.937 91.2644 27.22
vt -8.84472 3.80269
f 580/739/29 579/738/29 581/740/29

v 330.055 94.2644 25.0956
vt -8.96972 3.92769
f 582/741/29 581/740/29 579/738/29

v 327.937 39.1013 27.22
vt -8.84472 1.62922
f 582/741/29 583/742/29 581/740/29

f 578/737/29 583/742/29 582/741/29

f 583/742/29 578/737/29 577/736/29

g Mesh46 Group7 Model

v -160.786 -1.5 67.6356
vt 6.72592 -0.0625
v -160.786 74.1675 67.6356
vt 6.72592 3.09031
v -23.9232 74.1675 -69.6257
vt -1.35053 3.09031
v -23.9232 -1.5 -69.6257
vt -1.35053 -0.0625
v -25.0123 -1.5 -68.5335
vt -1.28626 -0.0625
v -25.0123 72.625 -68.5335
vt -1.28626 3.02604
v -159.697 72.625 66.5433
vt 6.66165 3.02604
v -159.697 -1.5 66.5433
vt 6.66165 -0.0625
f 584/743/29 585/744/29 586/745/29 587/746/29 588/747/29 589/748/29 590/749/29 591/750/29 

vt -2.75425 3.02604
vn -0.706077 1.65439e-18 0.708135
vt -2.75425 -0.0625
v -25.0123 -14.5 -68.5335
vt -2.75425 -0.604167
v -18.7276 -14.5 -62.267
vt -2.38446 -0.604167
v -18.7276 72.625 -62.267
vt -2.38446 3.02604
f 589/751/93 588/752/93 592/753/93 593/754/93 594/755/93 

vt 0.780318 2.59446
v -153.412 72.625 72.8097
vt 6.39216 -3.03374
vt 6.65402 -2.77264
vt 1.04218 2.85556
f 594/756/89 595/757/89 590/758/89 589/759/89 

vt 2.75425 -0.0625
vn 0.706077 5.82512e-15 -0.708135
vt 2.75425 3.02604
vt 2.38446 3.02604
v -153.412 -14.5 72.8097
vt 2.38446 -0.604167
v -159.697 -14.5 66.5433
vt 2.75425 -0.604167
f 591/760/94 590/761/94 595/762/94 596/763/94 597/764/94 

g Mesh47 Group7 Model

v 609.351 45.8081 335.347
vt 8.03241 1.90867
v 607.233 48.8081 337.472
vt 7.90741 2.03367
v 567.994 45.8081 376.825
vt 5.59184 1.90867
f 598/765/43 599/766/43 600/767/43

v 609.351 96.6504 335.347
vt 8.03241 4.0271
f 599/766/43 598/765/43 601/768/43

v 607.233 93.6504 337.472
vt 7.90741 3.9021
f 599/766/43 601/768/43 602/769/43

v 570.112 93.6504 374.701
vt 5.71684 3.9021
f 602/769/43 601/768/43 603/770/43

v 567.994 96.6504 376.825
vt 5.59184 4.0271
f 604/771/43 603/770/43 601/768/43

v 570.112 48.8081 374.701
vt 5.71684 2.03367
f 604/771/43 605/772/43 603/770/43

f 600/767/43 605/772/43 604/771/43

f 605/772/43 600/767/43 599/766/43

g Mesh48 Group7 Model

vt 16.1999 3.99066
v 134.324 93.7759 413.098
vt 16.1166 3.90733
vt 16.1999 0.477637
f 402/773/42 606/774/42 388/775/42

vt 14.5399 3.99066
f 606/774/42 402/773/42 404/776/42

v 108.943 93.7759 387.791
vt 14.6232 3.90733
f 606/774/42 404/776/42 607/777/42

v 108.943 13.4633 387.791
vt 14.6232 0.56097
f 607/777/42 404/776/42 608/778/42

vt 14.5399 0.477637
f 387/779/42 608/778/42 404/776/42

v 134.324 13.4633 413.098
vt 16.1166 0.56097
f 387/779/42 609/780/42 608/778/42

f 388/775/42 609/780/42 387/779/42

f 609/780/42 388/775/42 606/774/42

v 137.148 93.7759 410.266
vt 8.07024 3.90733
vn -0.708134 0 -0.706078
v 137.148 13.4633 410.266
vt 8.07024 0.56097
vt 8.2369 0.56097
vt 8.2369 3.90733
f 610/781/95 611/782/95 609/783/95 606/784/95 

vt 5.7145 -17.0944
v 111.768 13.4633 384.959
vt 4.65698 -16.04
vt 4.5393 -16.158
vt 5.59682 -17.2124
f 611/785/10 612/786/10 608/787/10 609/788/10 

v 111.768 93.7759 384.959
vt -8.07034 3.90733
vn 0.708139 0 0.706074
vt -8.237 3.90733
vt -8.237 0.56097
vt -8.07034 0.56097
f 613/789/96 607/790/96 608/791/96 612/792/96 

vt -5.7145 -17.0944
vt -5.59682 -17.2124
vt -4.5393 -16.158
vt -4.65698 -16.04
f 610/793/89 606/794/89 607/795/89 613/796/89 

g Mesh49 Group7 Model

v 274.93 97.1399 553.295
vt 24.3898 4.04749
v 272.097 93.1399 550.471
vt 24.2232 3.88083
v 274.93 44.2976 553.295
vt 24.3898 1.84573
f 614/797/42 615/798/42 616/799/42

vt 21.8659 4.04749
f 615/798/42 614/797/42 394/800/42

v 234.868 93.1399 513.35
vt 22.0326 3.88083
f 615/798/42 394/800/42 617/801/42

v 234.868 48.2976 513.35
vt 22.0326 2.0124
f 617/801/42 394/800/42 618/802/42

vt 21.8659 1.84573
f 400/803/42 618/802/42 394/800/42

v 272.097 48.2976 550.471
vt 24.2232 2.0124
f 400/803/42 619/804/42 618/802/42

f 616/799/42 619/804/42 400/803/42

f 619/804/42 616/799/42 615/798/42

g Mesh50 Group7 Model

v -269.359 152.41 176.525
vt 13.133 6.35043
v -265.829 157.41 172.985
vt 12.9247 6.55876
v -215.57 152.41 122.58
vt 9.95885 6.35043
f 620/805/29 621/806/29 622/807/29

v -269.359 204.062 176.525
vt 13.133 8.50259
f 621/806/29 620/805/29 623/808/29

v -265.829 199.062 172.985
vt 12.9247 8.29425
f 621/806/29 623/808/29 624/809/29

v -219.101 199.062 126.121
vt 10.1672 8.29425
f 624/809/29 623/808/29 625/810/29

v -215.57 204.062 122.58
vt 9.95885 8.50259
f 626/811/29 625/810/29 623/808/29

v -219.101 157.41 126.121
vt 10.1672 6.55876
f 626/811/29 627/812/29 625/810/29

f 622/807/29 627/812/29 626/811/29

f 627/812/29 622/807/29 621/806/29

g Mesh51 Group7 Model

vt 19.5315 4.10753
v 189.529 94.5807 468.143
vt 19.3649 3.94086
vt 19.5315 3.2552
f 395/813/42 628/814/42 399/815/42

v 158.162 98.5807 436.867
vt 17.5192 4.10753
f 628/814/42 395/813/42 629/816/42

v 160.994 94.5807 439.691
vt 17.6859 3.94086
f 628/814/42 629/816/42 630/817/42

v 160.994 82.1247 439.691
vt 17.6859 3.42186
f 630/817/42 629/816/42 631/818/42

v 158.162 78.1247 436.867
vt 17.5192 3.2552
f 632/819/42 631/818/42 629/816/42

v 189.529 82.1247 468.143
vt 19.3649 3.42186
f 632/819/42 633/820/42 631/818/42

f 399/815/42 633/820/42 632/819/42

f 633/820/42 399/815/42 628/814/42

g Mesh52 Group7 Model

v -110.939 153.223 17.6438
vt 3.78441 6.38429
v -108.115 157.223 14.8113
vt 3.61774 6.55096
v -57.9493 153.223 -35.5005
vt 0.657396 6.38429
f 634/821/29 635/822/29 636/823/29

v -110.939 205.101 17.6438
vt 3.78441 8.54586
f 635/822/29 634/821/29 637/824/29

v -108.115 201.101 14.8113
vt 3.61774 8.37919
f 635/822/29 637/824/29 638/825/29

v -60.7736 201.101 -32.668
vt 0.824063 8.37919
f 638/825/29 637/824/29 639/826/29

v -57.9493 205.101 -35.5005
vt 0.657396 8.54586
f 640/827/29 639/826/29 637/824/29

v -60.7736 157.223 -32.668
vt 0.824063 6.55096
f 640/827/29 641/828/29 639/826/29

f 636/823/29 641/828/29 640/827/29

f 641/828/29 636/823/29 635/822/29

g Mesh53 Group7 Model

v -86.5376 152.402 474.714
vt -16.5527 6.35008
v -89.3619 156.402 477.546
vt -16.7193 6.51674
v -122.87 152.402 511.152
vt -18.6967 6.35008
f 642/829/43 643/830/43 644/831/43

v -86.5376 204.093 474.714
vt -16.5527 8.50388
f 643/830/43 642/829/43 645/832/43

v -89.3619 200.093 477.546
vt -16.7193 8.33721
f 643/830/43 645/832/43 646/833/43

v -120.046 200.093 508.32
vt -18.53 8.33721
f 646/833/43 645/832/43 647/834/43

v -122.87 204.093 511.152
vt -18.6967 8.50388
f 648/835/43 647/834/43 645/832/43

v -120.046 156.402 508.32
vt -18.53 6.51674
f 648/835/43 649/836/43 647/834/43

f 644/831/43 649/836/43 648/835/43

f 649/836/43 644/831/43 643/830/43

g Mesh54 Group7 Model

v -27.2729 166.2 415.276
vt -13.0554 6.92498
v -30.0972 170.2 418.109
vt -13.222 7.09165
v -53.3997 166.2 441.479
vt -14.5971 6.92498
f 650/837/43 651/838/43 652/839/43

v -27.2729 204.759 415.276
vt -13.0554 8.53161
f 651/838/43 650/837/43 653/840/43

v -30.0972 200.759 418.109
vt -13.222 8.36494
f 651/838/43 653/840/43 654/841/43

v -50.5754 200.759 438.647
vt -14.4305 8.36494
f 654/841/43 653/840/43 655/842/43

v -53.3997 204.759 441.479
vt -14.5971 8.53161
f 656/843/43 655/842/43 653/840/43

v -50.5754 170.2 438.647
vt -14.4305 7.09165
f 656/843/43 657/844/43 655/842/43

f 652/839/43 657/844/43 656/843/43

f 657/844/43 652/839/43 651/838/43

g Mesh55 Group7 Model

v -283.227 32.0283 145.644
vt 12.6298 1.33451
v -280.402 36.0283 142.811
vt 12.4631 1.50118
v -246.84 32.0283 109.151
vt 10.4826 1.33451
f 658/845/29 659/846/29 660/847/29

v -283.227 94.917 145.644
vt 12.6298 3.95488
f 659/846/29 658/845/29 661/848/29

v -280.402 90.917 142.811
vt 12.4631 3.78821
f 659/846/29 661/848/29 662/849/29

v -249.664 90.917 111.984
vt 10.6492 3.78821
f 662/849/29 661/848/29 663/850/29

v -246.84 94.917 109.151
vt 10.4826 3.95488
f 664/851/29 663/850/29 661/848/29

v -249.664 36.0283 111.984
vt 10.6492 1.50118
f 664/851/29 665/852/29 663/850/29

f 660/847/29 665/852/29 664/851/29

f 665/852/29 660/847/29 659/846/29

g Mesh56 Group7 Model

v 26.1287 103.713 426.473
vt 13.3177 4.32138
v 24.0043 100.713 424.354
vt 13.1927 4.19638
v 26.1287 38.1441 426.473
vt 13.3177 1.58934
f 666/853/42 667/854/42 668/855/42

v -0.818976 103.713 399.603
vt 11.7321 4.32138
f 667/854/42 666/853/42 669/856/42

v 1.30543 100.713 401.722
vt 11.8571 4.19638
f 667/854/42 669/856/42 670/857/42

v 1.30543 41.1441 401.722
vt 11.8571 1.71434
f 670/857/42 669/856/42 671/858/42

v -0.818976 38.1441 399.603
vt 11.7321 1.58934
f 672/859/42 671/858/42 669/856/42

v 24.0043 41.1441 424.354
vt 13.1927 1.71434
f 672/859/42 673/860/42 671/858/42

f 668/855/42 673/860/42 672/859/42

f 673/860/42 668/855/42 667/854/42

g Mesh57 Group7 Model

v -173.457 10.4737 561.886
vt -21.6819 0.436404
v -174.869 12.4737 563.302
vt -21.7652 0.519737
v -217.063 10.4737 605.62
vt -24.2552 0.436404
f 674/861/43 675/862/43 676/863/43

v -173.457 94.7863 561.886
vt -21.6819 3.94943
f 675/862/43 674/861/43 677/864/43

v -174.869 92.7863 563.302
vt -21.7652 3.8661
f 675/862/43 677/864/43 678/865/43

v -215.651 92.7863 604.204
vt -24.1718 3.8661
f 678/865/43 677/864/43 679/866/43

v -217.063 94.7863 605.62
vt -24.2552 3.94943
f 680/867/43 679/866/43 677/864/43

v -215.651 12.4737 604.204
vt -24.1718 0.519737
f 680/867/43 681/868/43 679/866/43

f 676/863/43 681/868/43 680/867/43

f 681/868/43 676/863/43 675/862/43

vt -7.2862 -23.4709
v -177.701 12.4737 560.478
vt -7.40422 -23.3533
v -218.484 12.4737 601.379
vt -9.10348 -25.0575
vt -8.98546 -25.1752
f 675/869/10 682/870/10 683/871/10 681/872/10 

vt 11.4126 3.8661
v -177.701 92.7863 560.478
vt 11.246 3.8661
vt 11.246 0.519737
vt 11.4126 0.519737
f 678/873/88 684/874/88 682/875/88 675/876/88 

vt 7.2862 -23.4709
vt 8.98546 -25.1752
v -218.484 92.7863 601.379
vt 9.10348 -25.0575
vt 7.40422 -23.3533
f 678/877/89 679/878/89 685/879/89 684/880/89 

vt -11.4128 3.8661
vn 0.706081 0 -0.708132
vt -11.4128 0.519737
vt -11.2461 0.519737
vt -11.2461 3.8661
f 679/881/97 681/882/97 683/883/97 685/884/97 

g Mesh58 Group7 Model

v 15.183 164.848 372.697
vt -10.55 6.86865
v 12.3587 168.848 375.529
vt -10.7166 7.03532
v -4.39794 164.848 392.335
vt -11.7055 6.86865
f 686/885/43 687/886/43 688/887/43

v 15.183 205.256 372.697
vt -10.55 8.55234
f 687/886/43 686/885/43 689/888/43

v 12.3587 201.256 375.529
vt -10.7166 8.38567
f 687/886/43 689/888/43 690/889/43

v -1.57363 201.256 389.502
vt -11.5388 8.38567
f 690/889/43 689/888/43 691/890/43

v -4.39794 205.256 392.335
vt -11.7055 8.55234
f 692/891/43 691/890/43 689/888/43

v -1.57363 168.848 389.502
vt -11.5388 7.03532
f 692/891/43 693/892/43 691/890/43

f 688/887/43 693/892/43 692/891/43

f 693/892/43 688/887/43 687/886/43

g Mesh59 Group7 Model

vt -6.52773 8.73361
v 182.386 213.607 33.2986
vt -6.36106 8.90028
vt -6.52773 9.34664
f 305/893/44 694/894/44 303/895/44

vt -4.40159 8.73361
f 694/894/44 305/893/44 312/896/44

v 151.917 213.607 2.918
vt -4.56826 8.90028
f 694/894/44 312/896/44 695/897/44

v 151.917 220.319 2.918
vt -4.56826 9.17998
f 695/897/44 312/896/44 696/898/44

vt -4.40159 9.34664
f 332/899/44 696/898/44 312/896/44

v 182.386 220.319 33.2986
vt -6.36106 9.17998
f 332/899/44 697/900/44 696/898/44

f 303/895/44 697/900/44 332/899/44

f 697/900/44 303/895/44 694/894/44

g Mesh60 Group7 Model

v -283.559 94.917 185.724
vt 7.18614 3.95488
vn -0.998939 0 0.0460543
v -283.743 90.917 181.728
vt 7.01948 3.78821
v -283.559 32.0283 185.724
vt 7.18614 1.33451
f 698/901/98 699/902/98 700/903/98

v -284.827 94.917 158.22
vt 6.03892 3.95488
f 699/902/98 698/901/98 701/904/98

v -284.643 90.917 162.215
vt 6.20559 3.78821
f 699/902/98 701/904/98 702/905/98

v -284.643 36.0283 162.215
vt 6.20559 1.50118
f 702/905/98 701/904/98 703/906/98

v -284.827 32.0283 158.22
vt 6.03892 1.33451
f 704/907/98 703/906/98 701/904/98

v -283.743 36.0283 181.728
vt 7.01948 1.50118
f 704/907/98 705/908/98 703/906/98

f 700/903/98 705/908/98 704/907/98

f 705/908/98 700/903/98 699/902/98

g Mesh61 Group7 Model

vt -19.0548 1.41215
v 509.2 36.8915 132.75
vt -18.9298 1.53715
vt -19.0548 3.97897
f 370/909/44 706/910/44 379/911/44

vt -17.4656 1.41215
f 706/910/44 370/909/44 372/912/44

v 486.441 36.8915 110.057
vt -17.5906 1.53715
f 706/910/44 372/912/44 707/913/44

v 486.441 92.4953 110.057
vt -17.5906 3.85397
f 707/913/44 372/912/44 708/914/44

vt -17.4656 3.97897
f 378/915/44 708/914/44 372/912/44

v 509.2 92.4953 132.75
vt -18.9298 3.85397
f 378/915/44 709/916/44 708/914/44

f 379/911/44 709/916/44 378/915/44

f 709/916/44 379/911/44 706/910/44

g Mesh62 Group7 Model

v 206.727 -9.18157 57.5684
vt -7.79326 -0.382566
vn 0.706077 4.22736e-17 -0.708135
v 205.311 -7.75919 56.1562
vt -7.70992 -0.3233
v 206.727 -1.5 57.5684
vt -7.79326 -0.0625
f 710/917/99 711/918/99 712/919/99

v 178.514 -9.18157 29.4374
vt -6.13321 -0.382566
f 711/918/99 710/917/99 713/920/99

v 179.93 -7.75919 30.8495
vt -6.21654 -0.3233
f 711/918/99 713/920/99 714/921/99

v 179.93 72.5534 30.8495
vt -6.21654 3.02306
f 714/921/99 713/920/99 715/922/99

v 178.514 74.5534 29.4374
vt -6.13321 3.10639
f 716/923/99 715/922/99 713/920/99

v 205.311 72.5534 56.1562
vt -7.70992 3.02306
f 716/923/99 717/924/99 715/922/99

v 206.727 74.5534 57.5684
vt -7.79326 3.10639
f 718/925/99 717/924/99 716/923/99

f 717/924/99 718/925/99 711/918/99

f 712/919/99 711/918/99 718/925/99

vt -4.38328 -0.3233
vn -0.708136 0 -0.706076
v 202.486 -7.75919 58.9887
vt -4.21661 -0.3233
v 202.486 72.5534 58.9887
vt -4.21661 3.02306
vt -4.38328 3.02306
f 711/926/100 719/927/100 720/928/100 717/929/100 

vt 8.5546 -2.33984
vt 7.49709 -1.2854
v 177.106 -7.75919 33.6821
vt 7.37941 -1.40342
vt 8.43693 -2.45786
f 711/930/10 714/931/10 721/932/10 719/933/10 

vt 4.38328 -0.3233
vn 0.708136 0 0.706076
vt 4.38328 3.02306
v 177.106 72.5534 33.6821
vt 4.21661 3.02306
vt 4.21661 -0.3233
f 714/934/101 715/935/101 722/936/101 721/937/101 

vt -8.5546 -2.33984
vt -8.43693 -2.45786
vt -7.37941 -1.40342
vt -7.49709 -1.2854
f 717/938/89 720/939/89 722/940/89 715/941/89 

v 178.514 -1.5 29.4374
vt -6.13321 -0.0625
f 716/923/99 713/920/99 723/942/99

g Mesh63 Group7 Model

v 296.382 12.2397 52.3486
vt -10.285 0.509987
v 294.258 15.2397 50.2304
vt -10.16 0.634987
v 296.382 98.5523 52.3486
vt -10.285 4.10635
f 724/943/44 725/944/44 726/945/44

v 266.753 12.2397 22.8055
vt -8.54165 0.509987
f 725/944/44 724/943/44 727/946/44

v 268.877 15.2397 24.9237
vt -8.66665 0.634987
f 725/944/44 727/946/44 728/947/44

v 268.877 95.5523 24.9237
vt -8.66665 3.98135
f 728/947/44 727/946/44 729/948/44

v 266.753 98.5523 22.8055
vt -8.54165 4.10635
f 730/949/44 729/948/44 727/946/44

v 294.258 95.5523 50.2304
vt -10.16 3.98135
f 730/949/44 731/950/44 729/948/44

f 726/945/44 731/950/44 730/949/44

f 731/950/44 726/945/44 725/944/44

vt -7.17498 0.634987
vn -0.708133 -5.20538e-20 -0.706079
v 291.434 15.2397 53.0629
vt -7.00831 0.634987
v 291.434 95.5523 53.0629
vt -7.00831 3.98135
vt -7.17498 3.98135
f 725/951/102 732/952/102 733/953/102 731/954/102 

vt 12.2607 -2.09293
vn 2.0068e-14 1 -2.01265e-14
vt 11.2032 -1.03849
v 266.053 15.2397 27.7562
vt 11.0855 -1.15651
vt 12.1431 -2.21095
f 725/955/103 728/956/103 734/957/103 732/958/103 

vt 7.17497 0.634987
vn 0.708134 5.20686e-20 0.706079
vt 7.17497 3.98135
v 266.053 95.5523 27.7562
vt 7.0083 3.98135
vt 7.0083 0.634987
f 728/959/104 729/960/104 735/961/104 734/962/104 

vt -12.2607 -2.09293
vt -12.1431 -2.21095
vt -11.0855 -1.15651
vt -11.2032 -1.03849
f 731/963/89 733/964/89 735/965/89 729/966/89 

g Mesh64 Group7 Model

v 228.351 165.394 79.1295
vt -9.06561 6.89142
v 225.518 169.394 76.3052
vt -8.89895 7.05809
v 228.351 205.252 79.1295
vt -9.06561 8.55218
f 736/967/44 737/968/44 738/969/44

v 192.163 165.394 43.0473
vt -6.93635 6.89142
f 737/968/44 736/967/44 739/970/44

v 194.996 169.394 45.8716
vt -7.10302 7.05809
f 737/968/44 739/970/44 740/971/44

v 194.996 201.252 45.8716
vt -7.10302 8.38551
f 740/971/44 739/970/44 741/972/44

v 192.163 205.252 43.0473
vt -6.93635 8.55218
f 742/973/44 741/972/44 739/970/44

v 225.518 201.252 76.3052
vt -8.89895 8.38551
f 742/973/44 743/974/44 741/972/44

f 738/969/44 743/974/44 742/973/44

f 743/974/44 738/969/44 737/968/44

g Mesh65 Group7 Model

v 219.118 32.9895 -48.266
vt -7.87054 1.37456
v 221.236 35.9895 -50.3904
vt -7.99554 1.49956
v 237.908 32.9895 -67.1114
vt -8.9794 1.37456
f 744/975/29 745/976/29 746/977/29

v 219.118 83.1191 -48.266
vt -7.87054 3.46329
f 745/976/29 744/975/29 747/978/29

v 221.236 80.1191 -50.3904
vt -7.99554 3.33829
f 745/976/29 747/978/29 748/979/29

v 235.79 80.1191 -64.987
vt -8.8544 3.33829
f 748/979/29 747/978/29 749/980/29

v 237.908 83.1191 -67.1114
vt -8.9794 3.46329
f 750/981/29 749/980/29 747/978/29

v 235.79 35.9895 -64.987
vt -8.8544 1.49956
f 750/981/29 751/982/29 749/980/29

f 746/977/29 751/982/29 750/981/29

f 751/982/29 746/977/29 745/976/29

g Mesh66 Group7 Model

v 225.951 71.0793 41.3404
vt -5.42766 2.96164
v 228.069 74.0793 39.216
vt -5.55266 3.08664
v 246.331 71.0793 20.9006
vt -6.63035 2.96164
f 752/983/29 753/984/29 754/985/29

v 225.951 95.6861 41.3404
vt -5.42766 3.98692
f 753/984/29 752/983/29 755/986/29

v 228.069 92.6861 39.216
vt -5.55266 3.86192
f 753/984/29 755/986/29 756/987/29

v 244.213 92.6861 23.025
vt -6.50535 3.86192
f 756/987/29 755/986/29 757/988/29

v 246.331 95.6861 20.9006
vt -6.63035 3.98692
f 758/989/29 757/988/29 755/986/29

v 244.213 74.0793 23.025
vt -6.50535 3.08664
f 758/989/29 759/990/29 757/988/29

f 754/985/29 759/990/29 758/989/29

f 759/990/29 754/985/29 753/984/29

g Mesh67 Group7 Model

vt 3.31819 3.27408
v 527.347 81.5779 417.591
vt 3.19319 3.39908
vt 1.38923 3.27408
f 363/991/43 760/992/43 361/993/43

vt 3.31819 4.04308
f 760/992/43 363/991/43 358/994/43

v 527.347 94.0339 417.591
vt 3.19319 3.91808
f 760/992/43 358/994/43 761/995/43

v 498.895 94.0339 446.125
vt 1.51423 3.91808
f 761/995/43 358/994/43 762/996/43

vt 1.38923 4.04308
f 359/997/43 762/996/43 358/994/43

v 498.895 81.5779 446.125
vt 1.51423 3.39908
f 359/997/43 763/998/43 762/996/43

f 763/998/43 359/997/43 361/993/43

f 361/993/43 760/992/43 763/998/43

g Mesh68 Group7 Model

v -346.822 204.369 537.33
vt 5.57499 8.51537
v -349.654 200.369 534.506
vt 5.40832 8.3487
v -346.822 153.651 537.33
vt 5.57499 6.40211
f 764/999/42 765/1000/42 766/1001/42

v -381.583 204.369 502.67
vt 3.52966 8.51537
f 765/1000/42 764/999/42 767/1002/42

v -378.75 200.369 505.494
vt 3.69632 8.3487
f 765/1000/42 767/1002/42 768/1003/42

v -378.75 157.651 505.494
vt 3.69632 6.56878
f 768/1003/42 767/1002/42 769/1004/42

v -381.583 153.651 502.67
vt 3.52966 6.40211
f 770/1005/42 769/1004/42 767/1002/42

v -349.654 157.651 534.506
vt 5.40832 6.56878
f 770/1005/42 771/1006/42 769/1004/42

f 766/1001/42 771/1006/42 770/1005/42

f 771/1006/42 766/1001/42 765/1000/42

g Mesh69 Group7 Model

v -445.489 36.6426 353.169
vt 23.5267 1.52677
vn -0.708135 1.09353e-08 -0.706077
v -442.76 40.0935 350.432
vt 23.3656 1.67056
v -394.96 36.6426 302.493
vt 20.5449 1.52677
f 772/1007/105 773/1008/105 774/1009/105

v -445.489 96.9551 353.169
vt 23.5267 4.0398
f 773/1008/105 772/1007/105 775/1010/105

v -442.76 93.9955 350.432
vt 23.3656 3.91648
f 773/1008/105 775/1010/105 776/1011/105

v -396.522 93.9955 304.059
vt 20.6371 3.91648
f 776/1011/105 775/1010/105 777/1012/105

v -394.96 96.9551 302.493
vt 20.5449 4.0398
f 778/1013/105 777/1012/105 775/1010/105

v -396.522 40.0935 304.059
vt 20.6371 1.67056
f 778/1013/105 779/1014/105 777/1012/105

f 774/1009/105 779/1014/105 778/1013/105

f 779/1014/105 774/1009/105 773/1008/105

g Mesh70 Group8 Model

usemtl GAF_Timberline_HD_Charcoal_S_default
v -52.4653 281.531 199.771
vt 1.98344 2.10495
vn -0.229242 0.946151 -0.228575
v -181.758 219.061 70.8537
vt 1.98344 -0.0392062
vt 7.07549 -0.0392062
vt 7.07549 2.10495
f 780/1015/106 781/1016/106 282/1017/106 287/1018/106 

vt -1.98344 -2.22379
vn 0.229242 0.946151 0.228575
v -44.3236 277.598 207.889
vt -1.98344 -0.214654
vt -1.98344 -0.079635
vt -7.07549 -0.0796351
v -352.845 270.32 547.435
vt -7.07549 -0.464448
v -344.79 270.32 539.356
vt -6.94872 -0.464448
vt -6.94872 -1.46998
vt -7.07549 -1.46998
vt -7.07549 -2.22379
f 249/1019/107 782/1020/107 780/1021/107 287/1022/107 783/1023/107 784/1024/107 29/1025/107 34/1026/107 250/1027/107 

g Mesh71 Group9 Model

vt -7.43351 -2.5415
vn 0.220969 0.949769 -0.221613
vt -2.78568 -2.5415
vt -2.78568 -0.518668
v 266.115 170.104 116.784
vt -3.01005 -0.518668
v 268.24 170.104 118.902
vt -3.04338 -0.518667
v 266.121 171.093 121.027
vt -3.04338 -0.483571
vt -3.04338 0.315186
vt -7.43351 0.315186
f 219/1028/108 226/1029/108 228/1030/108 785/1031/108 786/1032/108 787/1033/108 351/1034/108 220/1035/108 

vt 7.43351 -1.82555
vn -0.220969 0.949769 0.221613
vt 7.43351 1.03114
vt 3.04338 1.03114
v 112.413 144.357 275.183
vt 3.04338 -0.716845
vt 5.05593 -1.82555
f 221/1036/109 220/1037/109 351/1038/109 788/1039/109 229/1040/109 

vt -2.33628 -4.76886
vn 0.120311 0.985462 0.119961
vt -1.28327 -2.72662
v -245.491 144.357 634.13
vt -6.91539 -2.72662
vt -6.94872 -2.72662
vt -7.03522 -2.72662
vt -7.03522 -4.76886
f 229/1041/110 788/1042/110 789/1043/110 239/1044/110 236/1045/110 233/1046/110 

g Mesh72 Group9 Model

vt 1.29565 -2.22379
vt 1.29565 -0.214654
f 242/1047/107 241/1048/107 284/1020/107 249/1019/107 

vt 1.98344 2.103
vt 1.98344 2.21167
vt -1.29565 2.21167
vt -1.29565 0.202533
vt -0.288955 0.202533
v 26.9244 269.553 103.136
vt 0.60026 1.93557
vt 1.48948 0.202533
vt 2.11021 0.202533
v -58.9317 274.432 209.435
vt 2.11021 2.103
f 285/1049/106 284/1050/106 241/1051/106 246/1052/106 255/1053/106 790/1054/106 265/1055/106 267/1056/106 791/1057/106 

vt 0.618737 1.0544
vn 0.376762 0.845738 -0.37786
vt 0.900651 1.0544
vt 0.900651 2.10581
vt -1.02098 2.10581
f 255/1058/111 258/1059/111 262/1060/111 790/1061/111 

vt 1.02098 1.09048
vn -0.376762 0.845738 0.37786
vt -0.900651 1.09048
vt -0.90065 0.0390778
vt -0.618737 0.0390778
f 790/1062/112 262/1063/112 261/1064/112 265/1065/112 

g Mesh73 Group9 Model

vt -2.79381 -2.25045
vn 0.215406 0.952329 -0.216034
vt -1.24716 -2.25045
vt -1.24716 -0.573826
v 252.334 159.107 103.043
vt -2.79381 -0.573826
f 289/1066/113 293/1067/113 295/1068/113 792/1069/113 

g Mesh74 Group9 Model

vt 6.94872 -0.207574
vn -0.238747 0.941451 -0.238053
v -486.261 129.172 394.059
vt 6.91539 -0.207574
v -370.788 129.172 278.25
vt 5.09827 -0.207574
vt 5.53048 -1.04018
vt 7.08352 -1.04018
vt 7.08352 -0.207574
f 212/1070/114 793/1071/114 794/1072/114 199/1073/114 204/1074/114 209/1075/114 

v -333.62 163.361 240.974
vt -0.734466 -2.79644
vn -0.384587 0.838643 0.385708
vt -1.51833 -2.79644
vt -1.51833 -4.00925
vt -0.734466 -3.49388
f 795/1076/115 197/1077/115 199/1078/115 794/1079/115 

vt 0.734467 4.07633
vn 0.384587 0.838643 -0.385708
vt 1.51833 3.56096
vt 1.51833 4.77377
vt 0.734467 4.77377
f 437/1080/116 201/1081/116 197/1082/116 795/1083/116 

v -183.024 129.172 89.9393
vt 2.14354 -0.207574
vt 2.11021 -0.207574
vt 1.97541 -0.207575
vt 1.97541 -1.04018
vt 3.49626 -1.04018
vt 3.92847 -0.207574
f 796/1084/114 215/1085/114 213/1086/114 203/1087/114 201/1088/114 437/1089/114 

g Mesh75 Group9 Model

v -31.0015 114.599 -58.278
vt -0.215325 -0.260726
vn -0.224762 0.948292 -0.224109
v -16.8425 121.291 -44.1602
vt -0.215325 -0.0264483
v 41.6345 121.291 -102.808
vt -1.13554 -0.0264483
vt -1.16888 -0.0264483
vt -1.30367 -0.0264483
vt -1.30367 -0.4314
vt 2.11021 -0.4314
v -164.623 121.291 104.051
vt 2.11021 -0.0264483
v -120.498 121.291 59.7979
vt 1.41585 -0.0264482
v -134.657 114.599 45.6801
vt 1.41585 -0.260726
v -136.782 113.595 43.5618
vt 1.41585 -0.295877
v -134.664 113.595 41.4374
vt 1.38251 -0.295877
v -35.2441 113.595 -58.2719
vt -0.181992 -0.295877
v -33.1259 113.595 -60.3963
vt -0.215325 -0.295877
f 797/1090/117 798/1091/117 799/1092/117 275/1093/117 273/1094/117 272/1095/117 271/1096/117 800/1097/117 801/1098/117 802/1099/117 803/1100/117 804/1101/117 805/1102/117 806/1103/117 

g Mesh76 Group9 Model

v -320.797 109.556 150.538
vt 3.70121 -0.854029
vn -0.238746 0.941452 -0.238053
vt 3.60458 -1.04019
vt 5.42216 -1.04019
v -424.018 109.556 254.059
vt 5.32552 -0.854029
f 807/1104/118 202/1105/118 198/1106/118 808/1107/118 

g Mesh77 Group10 Model

usemtl _Translucent_Glass_Gray_2
v -130.077 88.4839 518.38
vt 166.457 53.8555
v -158.839 88.4839 547.226
vt 125.723 53.8555
v -158.839 34.6284 547.226
vt 125.723 0
v -130.077 34.6284 518.38
vt 166.457 0
f 809/1108/43 810/1109/43 811/1110/43 812/1111/43 

g Mesh78 Group10 Model

vt 246.11 57.8668
v 509.2 92.4953 132.75
vt 213.97 57.8668
v 509.2 36.8915 132.75
vt 213.97 2.26309
vt 246.11 2.26309
f 708/1112/44 813/1113/44 814/1114/44 707/1115/44 

g Mesh79 Group10 Model

v 398.303 92.4953 22.1749
vt 370.574 57.8668
v 421.063 92.4953 44.8682
vt 338.434 57.8668
v 421.063 36.8915 44.8682
vt 338.434 2.26309
v 398.303 36.8915 22.1749
vt 370.574 2.26309
f 815/1116/44 816/1117/44 817/1118/44 818/1119/44 

g Mesh80 Group10 Model

v -442.76 40.0935 350.432
vt -64.6095 5.46503
v -442.76 93.9955 350.432
vt -64.6095 59.3671
v -396.522 93.9955 304.059
vt -130.095 59.3671
v -396.522 40.0935 304.059
vt -130.095 5.46503
f 819/1120/29 820/1121/29 821/1122/29 822/1123/29 

g Mesh81 Group10 Model

v 24.0043 100.713 424.354
vt -351.659 66.0846
v 1.30543 100.713 401.722
vt -383.713 66.0846
v 1.30543 41.1441 401.722
vt -383.713 6.51565
v 24.0043 41.1441 424.354
vt -351.659 6.51565
f 823/1124/42 824/1125/42 825/1126/42 826/1127/42 

g Mesh82 Group10 Model

v -280.402 90.917 142.811
vt -326.27 56.2886
vn -0.708135 2.66438e-16 -0.706077
v -249.664 90.917 111.984
vt -369.803 56.2886
v -249.664 36.0283 111.984
vt -369.803 1.39988
v -280.402 36.0283 142.811
vt -326.27 1.39988
f 827/1128/119 828/1129/119 829/1130/119 830/1131/119 

g Mesh83 Group10 Model

v -283.743 90.917 181.728
vt -746.737 56.2886
v -284.643 90.917 162.215
vt -766.27 56.2886
v -284.643 36.0283 162.215
vt -766.27 1.39988
v -283.743 36.0283 181.728
vt -746.737 1.39988
f 831/1132/98 832/1133/98 833/1134/98 834/1135/98 

g Mesh84 Group10 Model

v 228.069 92.6861 39.216
vt -758.649 58.0577
v 244.213 92.6861 23.025
vt -781.513 58.0577
v 244.213 74.0793 23.025
vt -781.513 39.4509
v 228.069 74.0793 39.216
vt -758.649 39.4509
f 835/1136/29 836/1137/29 837/1138/29 838/1139/29 

g Mesh85 Group10 Model

v 221.236 80.1191 -50.3904
vt -817.278 45.4906
vn -0.708135 1.13354e-16 -0.706077
vt -837.891 45.4906
vt -837.891 1.36111
v 221.236 35.9895 -50.3904
vt -817.278 1.36111
f 839/1140/120 749/1141/120 751/1142/120 840/1143/120 

g Mesh86 Group10 Model

v 314.408 91.2644 40.7881
vt -818.498 56.636
v 327.937 91.2644 27.22
vt -837.658 56.636
v 327.937 39.1013 27.22
vt -837.658 4.47283
v 314.408 39.1013 40.7881
vt -818.498 4.47283
f 841/1144/29 842/1145/29 843/1146/29 844/1147/29 

g Mesh87 Group10 Model

v 12.3587 201.256 375.529
vt 368.186 166.628
v -1.57363 201.256 389.502
vt 348.454 166.628
v -1.57363 168.848 389.502
vt 348.454 134.219
v 12.3587 168.848 375.529
vt 368.186 134.219
f 845/1148/43 846/1149/43 847/1150/43 848/1151/43 

g Mesh88 Group10 Model

v -229.163 90.917 107.433
vt 295.417 56.2886
v -209.648 90.917 108.276
vt 275.884 56.2886
v -209.648 36.0283 108.276
vt 275.884 1.39988
v -229.163 36.0283 107.433
vt 295.417 1.39988
f 849/1152/87 850/1153/87 851/1154/87 852/1155/87 

g Mesh89 Group10 Model

v 109.652 220.319 -39.2246
vt 618.331 185.691
vt 575.304 185.691
vt 575.304 178.978
v 109.652 213.607 -39.2246
vt 618.331 178.978
f 853/1156/44 537/1157/44 534/1158/44 854/1159/44 

g Mesh90 Group10 Model

v 104.36 93.9754 383.221
vt -323.799 59.347
v 97.7134 93.9754 376.594
vt -333.185 59.347
v 97.7134 56.3589 376.594
vt -333.185 21.7305
v 104.36 56.3589 383.221
vt -323.799 21.7305
f 855/1160/42 856/1161/42 857/1162/42 858/1163/42 

g Mesh91 Group10 Model

v 151.917 220.319 2.918
vt 558.646 185.691
vt 515.618 185.691
vt 515.618 178.978
v 151.917 213.607 2.918
vt 558.646 178.978
f 859/1164/44 697/1165/44 694/1166/44 860/1167/44 

g Mesh92 Group10 Model

v -349.654 200.369 534.506
vt -538.484 165.74
vn -0.706077 1.85905e-18 0.708135
vt -579.572 165.74
vt -579.572 123.022
v -349.654 157.651 534.506
vt -538.484 123.022
f 861/1168/121 768/1169/121 769/1170/121 862/1171/121 

g Mesh93 Group10 Model

v 527.347 94.0339 417.591
vt 702.022 59.4054
vn 0.708135 -2.14898e-17 0.706077
v 498.895 94.0339 446.125
vt 661.727 59.4054
v 498.895 81.5779 446.125
vt 661.727 46.9495
v 527.347 81.5779 417.591
vt 702.022 46.9495
f 863/1172/122 864/1173/122 865/1174/122 866/1175/122 

g Mesh94 Group10 Model

v -32.0615 94.3417 420.079
vt 305.274 59.7132
v -54.6208 94.3417 442.704
vt 273.324 59.7132
v -54.6208 63.9104 442.704
vt 273.324 29.282
v -32.0615 63.9104 420.079
vt 305.274 29.282
f 867/1176/43 868/1177/43 869/1178/43 870/1179/43 

g Mesh95 Group10 Model

v 189.529 94.5807 468.143
vt -203.527 59.9523
vn -0.706077 -2.14886e-17 0.708135
v 160.994 94.5807 439.691
vt -243.822 59.9523
v 160.994 82.1247 439.691
vt -243.822 47.4963
v 189.529 82.1247 468.143
vt -203.527 47.4963
f 871/1180/123 872/1181/123 873/1182/123 874/1183/123 

g Mesh96 Group10 Model

v -30.0972 200.759 418.109
vt 308.056 166.13
v -50.5754 200.759 438.647
vt 279.054 166.13
v -50.5754 170.2 438.647
vt 279.054 135.571
v -30.0972 170.2 418.109
vt 308.056 135.571
f 875/1184/43 876/1185/43 877/1186/43 878/1187/43 

g Mesh97 Group10 Model

v -108.115 201.101 14.8113
vt -538.559 166.472
v -60.7736 201.101 -32.668
vt -605.607 166.472
v -60.7736 157.223 -32.668
vt -605.607 122.595
v -108.115 157.223 14.8113
vt -538.559 122.595
f 879/1188/29 880/1189/29 881/1190/29 882/1191/29 

g Mesh98 Group10 Model

v -89.3619 200.093 477.546
vt 224.121 165.465
v -120.046 200.093 508.32
vt 180.664 165.465
v -120.046 156.402 508.32
vt 180.664 121.773
v -89.3619 156.402 477.546
vt 224.121 121.773
f 883/1192/43 884/1193/43 885/1194/43 886/1195/43 

g Mesh99 Group10 Model

v 272.097 93.1399 550.471
vt -86.9276 58.5114
v 234.868 93.1399 513.35
vt -139.501 58.5114
v 234.868 48.2976 513.35
vt -139.501 13.6692
v 272.097 48.2976 550.471
vt -86.9276 13.6692
f 887/1196/42 888/1197/42 889/1198/42 890/1199/42 

g Mesh100 Group10 Model

v -265.829 199.062 172.985
vt -315.193 164.434
v -219.101 199.062 126.121
vt -381.373 164.434
v -219.101 157.41 126.121
vt -381.373 122.782
v -265.829 157.41 172.985
vt -315.193 122.782
f 891/1200/29 892/1201/29 893/1202/29 894/1203/29 

g Mesh101 Group10 Model

vt 815.163 59.022
v 570.112 93.6504 374.701
vt 762.589 59.022
v 570.112 48.8081 374.701
vt 762.589 14.1797
vt 815.163 14.1797
f 602/1204/43 895/1205/43 896/1206/43 599/1207/43 

g Mesh102 Group10 Model

vt 497.811 166.624
v 225.518 201.252 76.3052
vt 454.709 166.624
v 225.518 169.394 76.3052
vt 454.709 134.766
vt 497.811 134.766
f 741/1208/44 897/1209/44 898/1210/44 740/1211/44 

g Mesh103 Group10 Model

vt -64.3327 164.434
v -396.227 199.062 303.763
vt -130.512 164.434
v -396.227 157.41 303.763
vt -130.512 122.782
vt -64.3327 122.782
f 548/1212/29 899/1213/29 900/1214/29 545/1215/29 

g Mesh104 Group11 Model

usemtl James_Hardie___Straight_Edge_Shingle__9a9e9d
v -134.664 113.595 41.4374
vt 1.18501 1.62278
vn -0.708135 8.27324e-09 -0.706077
v -110.939 153.223 17.6438
vt 0.865007 2.1889
vt -0.155993 1.62278
f 901/1216/124 902/1217/124 805/1218/124

v -134.664 212.729 41.4374
vt 1.18501 3.03899
f 902/1217/124 901/1216/124 903/1219/124

v -110.939 205.101 17.6438
vt 0.865007 2.93001
f 902/1217/124 903/1219/124 904/1220/124

v -57.9493 205.101 -35.5005
vt 0.150262 2.93001
f 904/1220/124 903/1219/124 905/1221/124

v -35.2441 212.729 -58.2719
vt -0.155993 3.03899
f 906/1222/124 905/1221/124 903/1219/124

v -57.9493 153.223 -35.5005
vt 0.150262 2.1889
f 906/1222/124 907/1223/124 905/1221/124

f 805/1218/124 907/1223/124 906/1222/124

f 907/1223/124 805/1218/124 902/1217/124

v -84.9539 263.222 -8.41722
vt 0.514509 3.76031
f 903/1219/124 908/1224/124 906/1222/124

v -136.782 212.729 43.5618
vt 1.21358 3.03899
f 909/1225/124 908/1224/124 903/1219/124

v -141.461 212.729 48.2544
vt 1.27669 3.03899
f 908/1224/124 909/1225/124 910/1226/124

v -33.1259 212.729 -60.3963
vt -0.184565 3.03899
f 906/1222/124 908/1224/124 911/1227/124

v -28.447 212.729 -65.0888
vt -0.247675 3.03899
f 911/1227/124 908/1224/124 912/1228/124

g Mesh105 Group11 Model

v -283.337 103.392 190.544
vt 1.6885 1.47703
vn -0.998939 -6.55538e-18 0.0460543
v -283.559 94.917 185.724
vt 1.64255 1.35596
vt 1.6885 0.0784575
f 913/1229/125 914/1230/125 53/1231/125

v -285.31 103.392 147.733
vt 1.28035 1.47703
f 914/1230/125 913/1229/125 915/1232/125

v -284.827 94.917 158.22
vt 1.38033 1.35596
f 914/1230/125 915/1232/125 916/1233/125

v -284.827 32.0283 158.22
vt 1.38033 0.457547
f 916/1233/125 915/1232/125 917/1234/125

v -285.31 5.49203 147.733
vt 1.28035 0.0784575
f 918/1235/125 917/1234/125 915/1232/125

v -283.559 32.0283 185.724
vt 1.64255 0.457547
f 918/1235/125 919/1236/125 917/1234/125

f 53/1231/125 919/1236/125 918/1235/125

f 919/1236/125 53/1231/125 914/1230/125

v -283.227 32.0283 145.644
vt 2.88681 0.457547
vt 2.91492 0.0784575
vt 2.91492 1.47703
f 920/1237/29 918/1238/29 915/1239/29

v -244.468 5.49203 106.772
vt 2.36402 0.0784575
f 918/1238/29 920/1237/29 921/1240/29

vt 2.39602 0.457547
f 660/1241/29 921/1240/29 920/1237/29

v -244.468 103.392 106.772
vt 2.36402 1.47703
f 921/1240/29 660/1241/29 922/1242/29

vt 2.39602 1.35596
f 922/1242/29 660/1241/29 664/1243/29

f 922/1242/29 664/1243/29 915/1239/29

v -283.227 94.917 145.644
vt 2.88681 1.35596
f 923/1244/29 915/1239/29 664/1243/29

f 920/1237/29 915/1239/29 923/1244/29

vt 2.28222 1.47703
vn 0.043147 -6.92154e-11 -0.999069
v -233.159 94.917 107.261
vt 2.17442 1.35596
vt 2.28222 0.0784575
f 922/1245/126 924/1246/126 921/1247/126

v -205.652 94.917 108.449
vt 1.9122 1.35596
f 922/1245/126 925/1248/126 924/1246/126

v -201.652 103.392 108.621
vt 1.87407 1.47703
f 926/1249/126 925/1248/126 922/1245/126

v -205.652 32.0283 108.449
vt 1.9122 0.457547
f 925/1248/126 926/1249/126 927/1250/126

v -201.652 5.49203 108.621
vt 1.87407 0.0784575
f 928/1251/126 927/1250/126 926/1249/126

f 927/1250/126 928/1251/126 921/1247/126

v -233.159 32.0283 107.261
vt 2.17442 0.457547
f 927/1250/126 921/1247/126 929/1252/126

f 929/1252/126 921/1247/126 924/1246/126

g Mesh106 Group11 Model

v -320.797 109.556 150.538
vt 3.17247 1.56509
vn -0.708135 2.8003e-07 -0.706077
vt 4.56473 1.56509
v -372.407 157.029 202.299
vt 3.8686 2.24328
f 930/1253/127 808/1254/127 931/1255/127

g Mesh107 Group12 Model

usemtl Mastic___Soffit_Vinyl_Universal_Vented__f6f7f4
vt 8.97227 -5.77286
v -519.603 97.576 354.64
vt 8.66005 -5.91067
v -516.46 97.576 357.773
vt 8.60767 -5.96289
f 207/1256/89 932/1257/89 933/1258/89

vt 3.84772 -0.633381
f 932/1257/89 207/1256/89 206/1259/89

v -516.26 97.576 351.287
vt 8.60433 -5.85479
f 932/1257/89 206/1259/89 934/1260/89

v -415.28 97.576 250.013
vt 6.92133 -4.16689
f 934/1260/89 206/1259/89 935/1261/89

v -411.937 97.576 246.66
vt 6.86561 -4.11101
f 935/1261/89 206/1259/89 936/1262/89

v -408.794 97.576 249.794
vt 6.81324 -4.16323
f 936/1262/89 206/1259/89 937/1263/89

v -324.505 97.576 158.974
vt 5.40841 -2.64956
f 937/1263/89 206/1259/89 938/1264/89

v -321.162 97.576 155.621
vt 5.35269 -2.59368
f 938/1264/89 206/1259/89 939/1265/89

v -318.019 97.576 158.754
vt 5.30032 -2.6459
f 939/1265/89 206/1259/89 940/1266/89

v -230.273 97.576 64.4674
vt 3.83789 -1.07446
f 940/1266/89 206/1259/89 941/1267/89

v -226.93 97.576 61.1145
vt 3.78217 -1.01857
f 941/1267/89 206/1259/89 942/1268/89

v -223.788 97.576 64.2477
vt 3.7298 -1.0708
f 942/1268/89 206/1259/89 943/1269/89

v -213.055 97.576 55.7594
vt 3.55092 -0.929323
f 943/1269/89 206/1259/89 944/1270/89

v -227.131 97.576 67.6006
vt 3.78551 -1.12668
f 944/1270/89 945/1271/89 943/1269/89

f 944/1270/89 940/1266/89 945/1271/89

v -321.362 97.576 162.107
vt 5.35604 -2.70178
f 944/1270/89 946/1272/89 940/1266/89

f 944/1270/89 937/1263/89 946/1272/89

v -412.138 97.576 253.147
vt 6.86896 -4.21911
f 944/1270/89 947/1273/89 937/1263/89

v -513.117 97.576 354.421
vt 8.55195 -5.90701
f 944/1270/89 948/1274/89 947/1273/89

f 944/1270/89 933/1258/89 948/1274/89

v -520.528 97.576 364.128
vt 8.67547 -6.06881
f 949/1275/89 933/1258/89 944/1270/89

f 933/1258/89 949/1275/89 207/1256/89

f 947/1273/89 948/1274/89 934/1260/89

f 947/1273/89 934/1260/89 935/1261/89

f 946/1272/89 937/1263/89 938/1264/89

f 945/1271/89 940/1266/89 941/1267/89

g Mesh108 Group12 Model

v 31.9028 113.129 432.23
vt -0.531714 -7.20383
vn -1.34043e-15 -1 -1.09772e-15
v 34.0272 113.129 434.348
vt -0.567121 -7.23914
v 36.1455 113.129 432.224
vt -0.602424 -7.20373
v 94.6546 113.129 373.544
vt -1.57758 -6.22574
v 142.751 113.129 421.501
vt -2.37919 -7.02502
vt 2.57329 -11.9919
v -242.769 113.129 631.401
vt 4.04616 -10.5233
v -6.24795 113.129 394.19
vt 0.104133 -6.56984
f 950/1276/128 951/1277/128 952/1278/128 953/1279/128 954/1280/128 482/1281/128 955/1282/128 956/1283/128 

g Mesh109 Group12 Model

vt 3.15161 -1.32747
vt -0.321314 2.15558
v 27.4694 103.392 -121.168
vt -0.457823 2.01947
v -23.9232 103.392 -69.6257
vt 0.39872 1.16043
vt 2.67976 -1.12726
v -201.652 103.392 108.621
vt 3.36087 -1.81035
vt 4.07447 -1.77954
v -285.31 103.392 147.733
vt 4.75517 -2.46222
v -283.337 103.392 190.544
vt 4.72228 -3.17573
vt 8.13965 -6.60306
v -520.528 103.392 364.128
v -213.055 103.392 55.7594
f 270/1284/89 269/1285/89 957/1286/89 958/1287/89 41/1288/89 959/1289/89 922/1290/89 960/1291/89 961/1292/89 479/1293/89 962/1275/89 963/1270/89 

g Mesh110 Group12 Model

vt -11.16 -4.58202
vn 1.59627e-15 -1 -1.59906e-15
v 660.72 106.798 283.829
vt -11.012 -4.73048
v 658.595 106.798 281.711
vt -10.9766 -4.69518
v 367.665 106.798 -8.37457
vt -6.12774 0.139576
v 365.54 106.798 -10.4928
vt -6.09234 0.17488
vt -6.24037 0.323342
f 223/1294/129 964/1295/129 965/1296/129 966/1297/129 967/1298/129 224/1299/129 

g Mesh111 Group12 Model

v -367.994 275.2 516.219
vt -10.4231 3.12325
vn 0.229242 -0.946151 0.228575
vt -10.6132 3.12325
vt -10.6132 -0.0929746
vt -10.4231 -0.0929748
f 968/1300/130 288/1301/130 281/1302/130 280/1303/130 

v -344.79 263.988 539.356
vt 10.4231 -0.73084
vn -0.229242 -0.946151 -0.228576
vt 10.6132 -0.73084
vt 10.6132 -0.15362
vt 10.4231 -0.15362
f 969/1304/131 24/1305/131 288/1306/131 968/1307/131 

g Mesh112 Group12 Model

vt -1.94347 -3.36984
vn -0.229242 -0.946151 -0.228575
vt -1.75331 -3.36984
v 155.996 271.266 6.98522
vt -1.75331 -0.356145
vt -1.94347 -0.356145
f 243/1308/132 248/1309/132 970/1310/132 244/1311/132 

vt 1.94347 3.28334
vt 1.75331 3.28334
vt 1.75331 0.269637
vt 1.94347 0.269637
f 244/1312/130 970/1313/130 253/1314/130 245/1315/130 

g Mesh113 Group12 Model

v 341.147 106.741 13.9714
vt -5.68579 -0.232857
v 299.641 106.741 55.5982
vt -4.99402 -0.926636
v 257.684 106.741 13.7631
vt -4.29474 -0.229385
v 255.56 106.741 11.6449
vt -4.25933 -0.194081
v 253.442 106.741 13.7693
vt -4.22403 -0.229488
v 208.253 106.741 59.0899
vt -3.47088 -0.984832
v 164.249 106.741 15.2144
vt -2.73749 -0.253574
v 253.062 106.741 -73.8574
vt -4.21771 1.23096
f 971/1316/89 972/1317/89 973/1318/89 974/1319/89 975/1320/89 976/1321/89 977/1322/89 978/1323/89 

g Mesh114 Group12 Model

vt -4.61912 -2.12974
vn 6.4736e-15 -1 6.30748e-15
vt 3.97835 -10.7523
v -247.609 212.729 636.254
vt 4.12681 -10.6042
v -245.491 212.729 634.13
vt 4.09151 -10.5688
v 266.121 212.729 121.027
vt -4.43536 -2.01711
v 268.24 212.729 118.902
vt -4.47066 -1.98171
f 248/1324/133 247/1325/133 979/1326/133 980/1327/133 981/1328/133 982/1329/133 

g Mesh115 Group12 Model

vt -2.97515 3.12326
v -60.5211 275.2 207.85
vt -3.16531 3.12326
vt -3.16531 -0.0929723
vt -2.97515 -0.0929722
f 286/1330/130 983/1331/130 279/1332/130 278/1333/130 

vt 2.97515 -0.193134
vn -0.229244 -0.94615 -0.228578
vt 3.16531 -0.193134
vt 3.16531 -0.153596
vt 2.97515 -0.153596
f 285/1334/134 791/1335/134 983/1336/134 286/1337/134 

g Mesh116 Group12 Model

vt -5.89666 -0.0213725
v 344.917 106.741 10.1901
vt -5.74862 -0.169834
v 252.607 106.741 -81.8524
vt -4.21011 1.36421
vt -4.35814 1.51267
f 290/1338/89 984/1339/89 985/1340/89 291/1341/89 

g Mesh117 Group12 Model

vt -2.01461 5.65055
vn -0.384587 -0.838643 0.385708
v -372.407 157.029 202.299
vt -2.01461 7.10317
vt -2.2775 7.10317
vt -2.2775 5.47771
f 807/1342/135 986/1343/135 200/1344/135 202/1345/135 

vt 2.01461 -4.25214
vn 0.384587 -0.838643 -0.385708
vt 2.01461 -5.70476
vt 2.27749 -5.87761
vt 2.27749 -4.25214
f 986/1346/136 808/1347/136 198/1348/136 200/1349/136 

g Mesh118 Group12 Model

v -180.906 212.729 87.8149
vt 3.0151 -1.46358
v -183.024 212.729 89.9393
vt 3.05041 -1.49899
vt 8.10435 -6.56766
vt 8.28811 -6.45503
vt 3.16357 -1.31555
f 987/1350/89 988/1351/89 428/1352/89 474/1293/89 280/1353/89 279/1354/89 

g Mesh119 Group12 Model

v -84.9539 263.222 -8.41722
vt 1.1017 1.57942
vn 0.376762 -0.845738 -0.37786
vt 1.1017 0.00230635
vt 1.35098 0.00230636
vt 1.35098 1.57942
f 989/1355/137 263/1356/137 260/1357/137 259/1358/137 

vt -1.1017 1.5253
vn -0.376762 -0.845738 0.37786
vt -1.1017 3.10241
vt -1.35098 3.10241
vt -1.35098 1.5253
f 256/1359/138 989/1360/138 259/1361/138 257/1362/138 

g Mesh120 Group12 Model

vt 10.4231 -3.36984
vt 10.6132 -3.36984
vt 10.6132 -2.23913
v -284.156 234.691 599.814
vt 10.4231 -2.23913
f 247/1363/132 251/1364/132 252/1365/132 990/1366/132 

g Mesh121 Group12 Model

v -134.657 212.729 45.6801
vt 2.24429 -0.761334
v -120.498 212.729 59.7979
vt 2.00831 -0.996632
v -164.623 212.729 104.051
vt 2.74371 -1.73418
vt 2.89218 -1.58615
vt 2.23475 -0.92681
vt 2.35768 -0.804239
v -136.782 212.729 43.5618
vt 2.2797 -0.72603
f 991/1367/89 992/1368/89 993/1369/89 266/1370/89 264/1371/89 263/1372/89 994/1373/89 

g Mesh122 Group12 Model

vt 1.95551 -0.0731672
vn 0.224762 -0.948292 0.224109
vt 1.75331 -0.0731672
vt 1.75331 -0.680595
vt 1.95551 -0.680595
f 274/1374/139 276/1375/139 269/1376/139 268/1377/139 

g Mesh123 Group12 Model

vt -2.96312 -0.346942
vn 0.238747 -0.941451 0.238053
vt -3.16531 -0.346942
v -219.363 103.392 49.4695
vt -3.16531 -1.30836
vt -3.16531 -1.59586
vt -2.96312 -1.59586
f 214/1378/140 216/1379/140 995/1380/140 206/1381/140 205/1382/140 

g Mesh124 Group12 Model

vt 2.01809 -3.40787
vn -0.215406 -0.952329 0.216034
v 160.023 152.776 11.0007
vt 2.01809 -0.892934
vt 1.87073 -0.892934
vt 1.87073 -3.40787
f 291/1383/141 996/1384/141 294/1385/141 292/1386/141 

g Mesh125 Group12 Model

vt 0.351188 0.962243
vn -1.66162e-15 -1 -3.70975e-15
vt -0.580751 1.8969
v 43.7528 212.729 -104.932
vt -0.729213 1.74887
v 41.6345 212.729 -102.808
vt -0.693909 1.71346
v -16.8425 212.729 -44.1602
vt 0.280708 0.736003
v -31.0015 212.729 -58.278
vt 0.516691 0.9713
v -33.1259 212.729 -60.3963
vt 0.552098 1.0066
vt 0.474116 1.08481
f 254/1387/142 253/1388/142 997/1389/142 998/1390/142 999/1391/142 1000/1392/142 1001/1393/142 256/1394/142 

g Mesh126 Group12 Model

vt -10.4231 -1.59585
vn 0.238746 -0.941451 0.238053
vt -10.4231 -1.30835
vt -10.4231 -0.346931
vt -10.6253 -0.34693
vt -10.6253 -1.59585
f 207/1395/143 481/1396/143 211/1397/143 210/1398/143 208/1399/143 

g Mesh127 Group12 Model

vt 11.1503 -3.84522
vn -0.220968 -0.949769 0.221614
vt 11.1503 0.439809
vt 11.1381 0.439809
vt 11.1381 -3.84522
f 218/1400/144 217/1401/144 364/1402/144 223/1403/144 

vt -11.1503 1.51372
vn 0.22097 -0.949769 -0.221612
vt -11.1503 -2.77131
vt -11.1381 -2.77131
vt -11.1381 1.51372
f 217/1404/145 222/1405/145 231/1406/145 364/1407/145 

g Mesh128 Group12 Model

vt 4.19078 -3.84523
vn -0.220966 -0.949769 0.221615
v 252.334 163.772 103.043
vt 4.19074 -0.810978
vt 4.17855 -0.810978
vt 4.17858 -3.84523
f 224/1408/146 1002/1409/146 227/1410/146 225/1411/146 

g Mesh129 Group12 Model

vt 10.5528 -6.83748
vn -0.120311 -0.985462 -0.119961
vt 10.5528 -4.10785
vt 10.4231 -4.10785
vt 10.4231 -6.83748
f 238/1412/147 237/1413/147 240/1414/147 418/1415/147 

g Mesh130 Group12 Model

vt -5.52548 -10.1622
vn -6.05479e-08 -1 2.12355e-07
vt -5.56089 -10.1975
vt -5.41286 -10.3459
vt -2.89603 -7.83642
vt 2.08069 -12.8276
vt 2.08659 -12.8218
v -89.0876 106.798 733.092
vt 1.48479 -12.2182
v -86.9694 106.798 730.968
vt 1.44949 -12.1828
v -91.5722 106.798 726.378
vt 1.5262 -12.1063
v -93.6905 106.798 728.503
vt 1.56151 -12.1417
vt 1.99104 -12.5725
v -143.332 106.798 730.55
vt 2.38886 -12.1758
v 153.817 106.798 432.535
vt -2.56362 -7.20891
f 392/1416/148 368/1417/148 231/1418/148 230/1419/148 232/1420/148 235/1421/148 1003/1422/148 1004/1423/148 1005/1424/148 1006/1425/148 486/1426/148 1007/1427/148 1008/1428/148 

g Mesh131 Group13 Model

usemtl HOVER_Vinyl_Trim__CGT___3f4043
v -91.5722 106.798 726.378
vt -18.6681 4.4499
vn 0.706077 5.94625e-10 -0.708135
v -86.9694 106.798 730.968
vt -18.9389 4.4499
vt -18.9389 -0.0625
vt -18.6681 -0.0625
f 1009/1429/149 1010/1430/149 162/1431/149 160/1432/149 

vt -24.1263 -0.0625
vn 0.708135 2.10544e-13 0.706077
vt -24.1263 4.4499
vt -24.2513 4.4499
v -89.0876 -1.5 733.092
vt -24.2513 -0.0625
f 162/1433/150 1010/1434/150 1003/1435/150 1011/1436/150 

vt 24.1263 4.4499
vn -0.708135 2.10997e-13 -0.706077
vt 24.1263 -0.0625
vt 24.2513 -0.0625
vt 24.2513 4.4499
f 1009/1437/151 160/1438/151 159/1439/151 1006/1440/151 

g Mesh132 Group13 Model

vt 11.2877 4.59165
vt 11.2877 -0.0625
vt 11.4127 -0.0625
v -247.609 110.2 636.254
vt 11.4127 4.59165
f 36/1441/6 91/1442/6 90/1443/6 1012/1444/6 

g Mesh133 Group14 Model

usemtl HOVER_Vinyl_Trim__CGT___9a9e9d
v -130.05 106.884 774.174
vt 18.9389 4.45349
vn -0.706076 3.24966e-08 0.708136
v -132.174 107.401 772.056
vt 18.8139 4.47504
v -132.174 -1.5 772.056
vt 18.8139 -0.0625009
v -130.05 -1.5 774.174
vt 18.9389 -0.0625009
f 1013/1445/152 1014/1446/152 1015/1447/152 1016/1448/152 

vt -26.5845 -0.0624989
vn 0.708138 -5.88724e-08 0.706074
vt -26.5845 4.4535
vt -26.6686 4.4535
vt -26.6686 -0.0624989
f 502/1449/153 501/1450/153 1013/1451/153 1016/1452/153 

g Mesh134 Group15 Model

usemtl HOVER_Vinyl_Trim__CGT___f6f7f4
v -520.528 103.392 364.128
vt -4.64588 4.30784
vn -0.706077 5.76732e-06 0.708135
v -526.836 103.392 357.839
vt -5.01706 4.30784
v -538.336 97.576 346.372
vt -5.69372 4.06552
v -520.528 97.576 364.128
vt -4.64588 4.06552
f 1017/1453/154 1018/1454/154 1019/1455/154 1020/1456/154 

v -213.055 103.392 55.7594
vt -7.91327 4.30799
vn 0.708135 -2.18259e-13 0.706077
vt -26.0577 4.30799
vt -26.0577 4.06567
v -213.055 97.576 55.7594
vt -7.91327 4.06567
f 1021/1457/155 1017/1458/155 1020/1459/155 1022/1460/155 

v -219.363 103.392 49.4695
vt 5.01706 4.30797
vn 0.706078 -3.47547e-06 -0.708135
vt 4.64589 4.30797
vt 4.64589 4.06564
v -230.863 97.576 38.0029
vt 5.69373 4.06564
f 1023/1461/156 1021/1462/156 1022/1463/156 1024/1464/156 

g Mesh135 Group15 Model

v -154.398 101.11 719.516
vt 6.43324 -29.9798
v -44.7346 101.11 616.805
vt 1.86394 -25.7002
v -143.332 101.11 730.55
vt 5.97215 -30.4396
f 1025/1465/89 1026/1466/89 1027/1467/89

v 142.751 101.11 421.501
vt -5.94796 -17.5625
f 1026/1466/89 1025/1465/89 1028/1468/89

v 142.751 113.129 421.501
vt 8.23693 4.71372
vt 8.23693 4.21292
vt 25.7721 4.21292
v -154.398 113.129 719.516
vt 25.7721 4.71372
f 1029/1469/29 1028/1470/29 1025/1471/29 1030/1472/29 

v -38.733 101.11 610.786
vt 1.61387 -25.4494
f 1026/1466/89 1028/1468/89 1031/1473/89

v -32.7138 101.11 616.788
vt 1.36308 -25.6995
f 1031/1473/89 1028/1468/89 1032/1474/89

v 84.2991 101.11 487.395
vt -3.51246 -20.3081
f 1032/1474/89 1028/1468/89 1033/1475/89

v 90.3008 101.11 481.376
vt -3.76253 -20.0573
f 1033/1475/89 1028/1468/89 1034/1476/89

v 96.3199 101.11 487.378
vt -4.01333 -20.3074
f 1034/1476/89 1028/1468/89 1035/1477/89

v 153.817 101.11 432.535
vt -6.40905 -18.0223
f 1035/1477/89 1028/1468/89 1036/1478/89

v 90.3182 101.11 493.397
vt -3.76326 -20.5582
f 1036/1478/89 1037/1479/89 1035/1477/89

f 1036/1478/89 1032/1474/89 1037/1479/89

v -38.7155 101.11 622.807
vt 1.61315 -25.9503
f 1036/1478/89 1038/1480/89 1032/1474/89

f 1027/1467/89 1038/1480/89 1036/1478/89

f 1038/1480/89 1027/1467/89 1026/1466/89

vt 16.8264 4.21292
v -44.7346 -14.5 616.805
vt 16.8264 -0.604167
v -38.7155 -14.5 622.807
vt 17.1806 -0.604167
vt 17.1806 4.21292
f 1026/1481/42 1039/1482/42 1040/1483/42 1038/1484/42 

v -38.733 -14.5 610.786
vt 19.1611 -0.604167
vt 19.5153 -0.604167
vt 19.5153 4.21292
vt 19.1611 4.21292
f 1041/1485/29 1039/1486/29 1026/1487/29 1031/1488/29 

vt -17.1806 4.21292
v -32.7138 -14.5 616.788
vt -17.1806 -0.604167
vt -16.8264 -0.604167
vt -16.8264 4.21292
f 1032/1489/44 1042/1490/44 1041/1491/44 1031/1492/44 

vt -19.1611 4.21292
vt -19.5153 4.21292
vt -19.5153 -0.604167
vt -19.1611 -0.604167
f 1032/1493/43 1038/1494/43 1040/1495/43 1042/1496/43 

v 153.817 106.798 432.535
vt -8.23693 4.4499
v -143.332 106.798 730.55
vt -25.7721 4.4499
vt -25.7721 4.21292
vt -8.23693 4.21292
f 1043/1497/43 1044/1498/43 1027/1499/43 1036/1500/43 

f 1037/1479/89 1032/1474/89 1033/1475/89

v 84.2991 -14.5 487.395
v 90.3182 -14.5 493.397
f 1033/1481/42 1045/1482/42 1046/1483/42 1037/1484/42 

v 90.3008 -14.5 481.376
vt 11.5467 -0.604167
vt 11.9008 -0.604167
vt 11.9008 4.21292
vt 11.5467 4.21292
f 1047/1501/29 1045/1502/29 1033/1503/29 1034/1504/29 

v 96.3199 -14.5 487.378
f 1034/1492/44 1035/1489/44 1048/1490/44 1047/1491/44 

vt -11.5467 -0.604167
vt -11.5467 4.21292
vt -11.9008 4.21292
vt -11.9008 -0.604167
f 1048/1505/43 1035/1506/43 1037/1507/43 1046/1508/43 

g Mesh136 Group15 Model

v 249.824 108.883 -79.0617
vt -9.68256 4.5368
vn -0.708135 -5.33271e-09 -0.706077
v 160.023 149.626 11.0007
vt -4.38329 6.2344
v 160.023 152.776 11.0007
vt -4.38329 6.36565
v 261.489 106.741 -90.7602
vt -10.3709 4.44755
v 252.607 106.741 -81.8524
vt -9.84676 4.44755
v 252.607 -1.5 -81.8524
vt -9.84676 -0.0625
v 250.488 -1.5 -79.728
vt -9.72176 -0.0625
v 250.488 104.776 -79.728
vt -9.72176 4.36565
v 160.023 104.776 11.0007
vt -4.38329 4.36565
v 160.023 107.776 11.0007
vt -4.38329 4.49065
v 249.824 107.776 -79.0617
vt -9.68256 4.49065
f 1049/1509/157 1050/1510/157 1051/1511/157 1052/1512/157 1053/1513/157 1054/1514/157 1055/1515/157 1056/1516/157 1057/1517/157 1058/1518/157 1059/1519/157 

v 344.917 97.1111 10.1901
vt -10.4768 4.0463
vn 0.706077 1.02924e-11 -0.708135
v 256.833 97.1111 -77.6387
vt -5.29389 4.0463
v 256.833 -1.5 -77.6387
vt -5.29389 -0.0625
vt -5.04523 -0.0625
vt -5.04523 4.44755
v 344.917 106.741 10.1901
vt -10.4768 4.44755
f 1060/1520/158 1061/1521/158 1062/1522/158 1054/1523/158 1053/1524/158 1063/1525/158 

vt -14.3716 -0.424586
v 341.147 97.1111 13.9714
vt -14.2145 -0.582142
v 253.062 97.1111 -73.8574
vt -10.5443 3.07739
v 254.714 97.1111 -75.5143
vt -10.6131 3.14643
vt -10.7014 3.23495
f 1060/1526/89 1064/1527/89 1065/1528/89 1066/1529/89 1061/1530/89 

v 253.062 106.741 -73.8574
vt 5.29389 4.44755
vt 5.29389 4.0463
vt 10.4768 4.0463
v 341.147 106.741 13.9714
vt 10.4768 4.44755
f 1067/1531/42 1065/1532/42 1064/1533/42 1068/1534/42 

vt 9.84674 -0.0625
vn 0.708138 -9.83131e-14 0.706074
vt 9.84674 4.0463
vt 9.72174 4.0463
v 254.714 -1.5 -75.5143
vt 9.72174 -0.0625
f 1062/1535/159 1061/1536/159 1066/1537/159 1069/1538/159 

g Mesh137 Group15 Model

v -516.26 97.576 351.287
vt 25.5532 4.06567
v -516.26 5.49203 351.287
vt 25.5532 0.228834
v -519.603 5.49203 354.64
vt 25.7505 0.228834
v -519.603 97.576 354.64
vt 25.7505 4.06567
f 1070/1539/52 1071/1540/52 1072/1541/52 1073/1542/52 

vt 4.89754 4.06567
vn 0.706082 0 -0.70813
v -513.117 97.576 354.421
vt 4.71265 4.06567
v -513.117 5.49203 354.421
vt 4.71265 0.228834
vt 4.89754 0.228834
f 1070/1543/160 1074/1544/160 1075/1545/160 1071/1546/160 

vt -25.5532 4.06567
vn 0.708137 0 0.706075
v -516.46 97.576 357.773
vt -25.7505 4.06567
v -516.46 5.49203 357.773
vt -25.7505 0.228834
vt -25.5532 0.228834
f 1074/1547/161 1076/1548/161 1077/1549/161 1075/1550/161 

vt -4.89754 4.06567
vn -0.706082 0 0.70813
vt -4.89754 0.228834
vt -4.71265 0.228834
vt -4.71265 4.06567
f 1073/1551/162 1072/1552/162 1077/1553/162 1076/1554/162 

g Mesh138 Group15 Model

v -408.794 97.576 249.794
vt -19.397 4.06567
v -412.138 97.576 253.147
vt -19.5943 4.06567
vt -19.5943 0.228834
v -408.794 5.49203 249.794
vt -19.397 0.228834
f 1078/1555/43 1079/1556/43 57/1557/43 1080/1558/43 

v -415.28 97.576 250.013
vt -4.89776 4.06567
v -415.28 5.49203 250.013
vt -4.89776 0.228834
vt -4.71287 0.228834
vt -4.71287 4.06567
f 1081/1559/88 1082/1560/88 57/1561/88 1079/1562/88 

v -411.937 5.49203 246.66
vt 19.397 0.228834
vt 19.5943 0.228834
vt 19.5943 4.06567
v -411.937 97.576 246.66
vt 19.397 4.06567
f 1083/1563/29 1082/1564/29 1081/1565/29 1084/1566/29 

vt 4.89776 4.06567
vt 4.71287 4.06567
vt 4.71287 0.228834
vt 4.89776 0.228834
f 1084/1567/90 1078/1568/90 1080/1569/90 1083/1570/90 

g Mesh139 Group15 Model

v -230.273 97.576 64.4674
vt -4.89775 4.06567
v -230.273 5.49203 64.4674
vt -4.89775 0.228834
v -227.131 5.49203 67.6006
vt -4.71285 0.228834
v -227.131 97.576 67.6006
vt -4.71285 4.06567
f 1085/1571/88 1086/1572/88 1087/1573/88 1088/1574/88 

v -226.93 5.49203 61.1145
vt 8.47947 0.228834
vt 8.67676 0.228834
vt 8.67676 4.06567
v -226.93 97.576 61.1145
vt 8.47947 4.06567
f 1089/1575/29 1086/1576/29 1085/1577/29 1090/1578/29 

vt 4.89774 4.06567
v -223.788 97.576 64.2477
vt 4.71284 4.06567
vt 4.71284 0.228834
vt 4.89774 0.228834
f 1090/1579/90 1091/1580/90 77/1581/90 1089/1582/90 

vt -8.47948 4.06567
vt -8.67676 4.06567
vt -8.67676 0.228834
vt -8.47948 0.228834
f 1091/1583/43 1088/1584/43 1087/1585/43 77/1586/43 

g Mesh140 Group15 Model

v -321.162 5.49203 155.621
vt 14.0402 0.228834
v -324.505 5.49203 158.974
vt 14.2375 0.228834
v -324.505 97.576 158.974
vt 14.2375 4.06567
v -321.162 97.576 155.621
vt 14.0402 4.06567
f 1092/1587/100 1093/1588/100 1094/1589/100 1095/1590/100 

v -321.362 5.49203 162.107
vt -4.71286 0.228834
v -321.362 97.576 162.107
vt -4.71286 4.06567
f 1094/1559/88 1093/1560/88 1096/1591/88 1097/1592/88 

v -318.019 97.576 158.754
vt -14.0402 4.06567
vt -14.2375 4.06567
vt -14.2375 0.228834
vt -14.0402 0.228834
f 1098/1593/43 1097/1594/43 1096/1595/43 60/1596/43 

vt 4.89773 4.06567
vt 4.89773 0.228834
f 1095/1597/44 1098/1580/44 60/1581/44 1092/1598/44 

g Mesh141 Group15 Model

v 660.72 -1.5 283.829
vt 11.0636 -0.0625031
vn 0.708138 1.10541e-07 0.706074
v 660.72 106.798 283.829
vt 11.0636 4.4499
v 658.602 106.798 285.953
vt 10.9386 4.4499
v 658.602 -1.5 285.953
vt 10.9386 -0.0625031
f 1099/1599/163 1100/1600/163 1101/1601/163 1102/1602/163 

vt -27.8452 4.4499
vn 0.706078 -8.88015e-13 -0.708134
vt -27.8452 -0.0625
v 658.595 -1.5 281.711
vt -27.7202 -0.0625
v 658.595 106.798 281.711
vt -27.7202 4.4499
f 1100/1603/164 1099/1604/164 1103/1605/164 1104/1606/164 

g Mesh142 Group15 Model

v -136.782 113.595 43.5618
vt 5.30942 4.73312
vn -0.708136 -5.3582e-19 -0.706076
v -136.782 212.729 43.5618
vt 5.30942 8.86371
v -134.664 212.729 41.4374
vt 5.18442 8.86371
v -134.664 113.595 41.4374
vt 5.18442 4.73312
f 1105/1607/165 1106/1608/165 1107/1609/165 1108/1610/165 

vt -2.75425 8.86371
vn -0.706077 1.57575e-19 0.708135
vt -2.75425 4.73312
v -134.657 114.599 45.6801
vt -2.62925 4.77496
v -134.657 212.729 45.6801
vt -2.62925 8.86371
f 1106/1611/166 1105/1612/166 1109/1613/166 1110/1614/166 

g Mesh143 Group15 Model

v 34.0272 -1.5 434.348
vt 13.7825 -0.0625
vn -0.706077 1.16133e-12 0.708135
v 34.0272 113.129 434.348
vt 13.7825 4.71372
v 31.9028 113.129 432.23
vt 13.6575 4.71372
v 31.9028 -1.5 432.23
vt 13.6575 -0.0625
f 1111/1615/167 1112/1616/167 1113/1617/167 1114/1618/167 

vt -11.8147 4.71373
vn 0.708137 -7.70011e-08 0.706075
vt -11.8147 -0.0624989
v 36.1455 -1.5 432.224
vt -11.6897 -0.0624989
v 36.1455 113.129 432.224
vt -11.6897 4.71373
f 1112/1619/168 1111/1620/168 1115/1621/168 1116/1622/168 

g Mesh144 Group15 Model

vt 27.8451 -0.0625
vn -0.706074 -2.65338e-12 0.708138
v 333.653 106.798 611.849
vt 27.8451 4.4499
v 331.529 106.798 609.73
vt 27.7201 4.4499
v 331.529 -1.5 609.73
vt 27.7201 -0.0625
f 97/1623/169 1117/1624/169 1118/1625/169 1119/1626/169 

vn 0.708135 -2.57025e-16 0.706077
vt -8.23693 -0.0625
v 335.772 -1.5 609.724
vt -8.11193 -0.0625
v 335.772 106.798 609.724
vt -8.11193 4.4499
f 1117/1497/170 97/1627/170 1120/1628/170 1121/1629/170 

g Mesh145 Group15 Model

v -33.1259 212.729 -60.3963
vt -0.807465 8.86371
vn -0.708134 2.52638e-20 -0.706078
v -33.1259 113.595 -60.3963
vt -0.807465 4.73312
v -35.2441 113.595 -58.2719
vt -0.682465 4.73312
v -35.2441 212.729 -58.2719
vt -0.682465 8.86371
f 1122/1630/171 1123/1631/171 1124/1632/171 1125/1633/171 

vt 2.75425 4.73312
vn 0.706077 5.87324e-19 -0.708135
vt 2.75425 8.86371
v -31.0015 212.729 -58.278
vt 2.62925 8.86371
v -31.0015 114.599 -58.278
vt 2.62925 4.77496
f 1123/1634/172 1122/1635/172 1126/1636/172 1127/1637/172 

g Mesh146 Group15 Model

v -180.906 212.729 87.8149
vt 7.91326 8.86371
vn -0.708139 0 -0.706073
v -180.906 129.172 87.8149
vt 7.91326 5.38217
v -183.024 129.172 89.9393
vt 8.03826 5.38217
v -183.024 212.729 89.9393
vt 8.03826 8.86371
f 1128/1638/173 1129/1639/173 1130/1640/173 1131/1641/173 

v -180.906 122.84 87.8149
vt 2.75432 5.11834
vn 0.706071 -8.27862e-19 -0.708141
vt 2.75432 5.38217
vt 2.75432 8.86371
v -178.782 212.729 89.9331
vt 2.62932 8.86371
v -178.782 123.915 89.9331
vt 2.62932 5.16311
f 1132/1642/174 1129/1643/174 1128/1644/174 1133/1645/174 1134/1646/174 

g Mesh147 Group15 Model

v 27.4694 -1.5 -121.168
vn 0.706076 4.7483e-17 -0.708136
v 27.4694 103.392 -121.168
vt 2.75425 4.30799
v 29.5938 103.392 -119.05
vt 2.62925 4.30799
v 29.5938 -1.5 -119.05
vt 2.62925 -0.0625
f 1135/760/175 1136/1647/175 1137/1648/175 1138/1649/175 

g Mesh148 Group15 Model

v -488.379 129.172 396.184
vt 26.0577 5.38217
vn -0.708135 4.78651e-16 -0.706077
v -488.379 212.729 396.184
vt 26.0577 8.86371
v -486.261 212.729 394.059
vt 25.9327 8.86371
v -486.261 129.172 394.059
vt 25.9327 5.38217
f 1139/1650/176 1140/1651/176 1141/1652/176 1142/1653/176 

vt -2.7542 8.86371
vn -0.706078 0 0.708134
vt -2.7542 5.38217
v -488.379 122.84 396.184
vt -2.7542 5.11834
v -486.255 123.915 398.302
vt -2.6292 5.16311
v -486.255 212.729 398.302
vt -2.6292 8.86371
f 1140/1654/177 1139/1655/177 1143/1656/177 1144/1657/177 1145/1658/177 

g Mesh149 Group15 Model

v 365.54 106.798 -10.4928
vt -11.0638 4.4499
vn -0.708134 -7.82878e-13 -0.706078
v 365.54 -1.5 -10.4928
vt -11.0638 -0.0625
vt -10.9388 -0.0625
v 363.422 106.798 -8.36839
vt -10.9388 4.4499
f 1146/1659/178 1147/1660/178 104/1661/178 1148/1662/178 

vt -10.4768 -0.0625
vn 0.706077 1.39885e-16 -0.708135
vt -10.4768 4.4499
v 367.665 106.798 -8.37457
vt -10.6018 4.4499
v 367.665 -1.5 -8.37457
vt -10.6018 -0.0625
f 1147/1663/179 1146/1664/179 1149/1665/179 1150/1666/179 

g Mesh150 Group15 Model

v 43.7528 212.729 -104.932
vt -4.38329 8.86371
v 43.7528 121.291 -104.932
vt -4.38329 5.05381
v 41.6345 121.291 -102.808
vt -4.25829 5.05381
v 41.6345 212.729 -102.808
vt -4.25829 8.86371
f 1151/1667/29 1152/1668/29 1153/1669/29 1154/1670/29 

v 43.7528 114.96 -104.932
vt 1.79613 4.78999
vn 0.706077 4.59819e-17 -0.708135
vt 1.79613 5.05381
vt 1.79613 8.86371
v 45.8772 212.729 -102.814
vt 1.67113 8.86371
v 45.8772 115.964 -102.814
vt 1.67113 4.83182
f 1155/1671/180 1152/1672/180 1151/1673/180 1156/1674/180 1157/1675/180 

g Mesh151 Group15 Model

vt -7.88298 0.420463
vn 0.706084 -2.64403e-20 -0.708128
v 255.56 106.741 11.6449
vt -7.88298 4.44755
v 257.684 106.741 13.7631
vt -8.00798 4.44755
v 257.684 10.0911 13.7631
vt -8.00798 0.420463
f 112/1676/181 1158/1677/181 1159/1678/181 1160/1679/181 

vt -7.1749 4.44755
vt -7.1749 0.420463
v 253.442 10.0911 13.7693
vt -7.0499 0.420463
v 253.442 106.741 13.7693
vt -7.0499 4.44755
f 1158/1680/173 112/1681/173 1161/1682/173 1162/1683/173 

g Mesh152 Group15 Model

v -247.609 212.729 636.254
vt -26.0578 8.86371
vn 0.70814 0 0.706072
v -247.609 144.357 636.254
vt -26.0578 6.01487
v -245.491 144.357 634.13
vt -25.9328 6.01487
v -245.491 212.729 634.13
vt -25.9328 8.86371
f 1163/1684/182 1164/1685/182 1165/1686/182 1166/1687/182 

v -247.609 138.025 636.254
vt 11.4127 5.75105
vn -0.706077 1.20197e-18 0.708135
vt 11.4127 6.01487
vt 11.4127 8.86371
v -249.733 212.729 634.136
vt 11.2877 8.86371
v -249.733 138.542 634.136
vt 11.2877 5.7726
f 1167/1688/183 1164/1689/183 1163/1690/183 1168/1691/183 1169/1692/183 

g Mesh153 Group15 Model

v 268.24 170.104 118.902
vt 4.38327 7.08767
vn 0.708136 -1.64854e-18 0.706076
v 268.24 212.729 118.902
vt 4.38327 8.86371
v 266.121 212.729 121.027
vt 4.25827 8.86371
v 266.121 171.093 121.027
vt 4.25827 7.12885
f 1170/1693/184 1171/1694/184 1172/1695/184 1173/1696/184 

vt -11.4127 8.86371
vn 0.706079 -4.09753e-19 -0.708133
vt -11.4127 7.08767
v 266.115 170.104 116.784
vt -11.2877 7.08767
v 266.115 212.729 116.784
vt -11.2877 8.86371
f 1171/1697/185 1170/1698/185 1174/1699/185 1175/1700/185 

g Mesh154 Group16 Model

usemtl FrontColor
v -284.156 287.313 599.814
vt 22.9375 232.239
v -344.79 287.313 539.356
vt 22.9375 317.864
v -360.985 287.313 555.599
vt 1.08465e-05 317.864
v -300.351 287.313 616.057
vt -1.13687e-13 232.239
f 1176/1701/10 1177/1702/10 1178/1703/10 1179/1704/10 

g Mesh155 Group16 Model

vt 22.9375 180.63
v -257.96 110.2 646.635
vt 8.27783 180.63
v -143.669 110.2 760.594
vt 8.27781 19.2328
v -138.815 110.2 755.726
vt 15.1528 19.2328
v -133.318 110.2 750.213
vt 22.9375 19.2328
f 1012/1705/10 1180/1706/10 1181/1707/10 1182/1708/10 1183/1709/10 

vt 8.27527 19.5177
vn 0.120289 0.985463 0.119971
v -132.174 107.401 772.056
vt 8.27741 3.04549
v -130.05 106.884 774.174
vt 8.27782 0.00121942
v -128.625 106.884 772.745
vt 10.296 0.00153322
vt 15.153 0.00205088
vt 15.1503 19.5186
f 1181/1710/186 1184/1711/186 1185/1712/186 1186/1713/186 234/1714/186 1182/1715/186 

g Mesh156 Group17 Model

usemtl Hardie_Plank_Flush_Vertical_Smooth___4_8__Plank__667c8f
vt 13.0289 0.114417
vt 9.0653 0.254879
vt 6.97892 0.114417
f 39/1716/105 560/1717/105 53/1718/105

v -445.489 36.6426 353.169
vt 11.7634 0.763387
f 560/1717/105 39/1716/105 1187/1719/105

vt 13.0289 2.154
f 1187/1719/105 39/1716/105 479/1720/105

v -445.489 96.9551 353.169
vt 11.7634 2.0199
f 1187/1719/105 479/1720/105 1188/1721/105

vt 10.2725 2.0199
f 1188/1721/105 479/1720/105 778/1722/105

vt 9.0653 2.03821
f 778/1722/105 479/1720/105 563/1723/105

vt 7.51679 2.03821
f 563/1723/105 479/1720/105 566/1724/105

vt 6.97892 2.154
f 961/1725/105 566/1724/105 479/1720/105

vt 7.51679 0.254879
f 961/1725/105 562/1726/105 566/1724/105

f 53/1718/105 562/1726/105 961/1725/105

f 562/1726/105 53/1718/105 560/1717/105

v -394.96 36.6426 302.493
vt 10.2725 0.763387
f 563/1723/105 1189/1727/105 778/1722/105

f 560/1717/105 1189/1727/105 563/1723/105

f 1189/1727/105 560/1717/105 1187/1719/105

g Mesh157 Group17 Model

vt -2.19164 2.22377
vn -0.708135 6.84849e-08 -0.706077
v 255.56 -1.5 11.6449
vt -3.58747 -0.0312497
v 208.253 -1.5 59.0899
vt -2.19164 -0.0312497
f 976/1728/187 1190/1729/187 1191/1730/187

v 253.442 10.0911 13.7693
vt -3.52497 0.210232
f 1190/1729/187 976/1728/187 1192/1731/187

v 225.951 71.0793 41.3404
vt -2.71383 1.48082
f 1192/1731/187 976/1728/187 1193/1732/187

v 225.951 95.6861 41.3404
vt -2.71383 1.99346
f 1193/1732/187 976/1728/187 1194/1733/187

v 246.331 95.6861 20.9006
vt -3.31517 1.99346
f 1194/1733/187 976/1728/187 1195/1734/187

v 253.442 106.741 13.7693
vt -3.52497 2.22377
f 1196/1735/187 1195/1734/187 976/1728/187

v 246.331 71.0793 20.9006
vt -3.31517 1.48082
f 1196/1735/187 1197/1736/187 1195/1734/187

f 1192/1731/187 1197/1736/187 1196/1735/187

f 1197/1736/187 1192/1731/187 1193/1732/187

v 255.56 10.0911 11.6449
vt -3.58747 0.210232
f 1198/1737/187 1190/1729/187 1192/1731/187

v 206.727 74.5534 57.5684
vt -3.89663 1.5532
vn 0.706077 3.14436e-09 -0.708135
v 178.514 74.5534 29.4374
vt -3.0666 1.5532
v 178.514 -1.5 29.4374
vt -3.0666 -0.03125
v 164.249 -1.5 15.2144
vt -2.64694 -0.03125
vt -2.64694 2.22377
vt -3.94152 2.22377
vt -3.94152 -0.03125
vt -3.89663 -0.03125
f 1199/1738/188 1200/1739/188 1201/1740/188 1202/1741/188 977/1742/188 976/1743/188 1191/1744/188 130/1745/188 

g Mesh158 Group17 Model

v 299.641 10.0911 55.5982
vt -5.2384 0.210231
vn 0.706077 5.26218e-19 -0.708135
v 296.382 12.2397 52.3486
vt -5.14252 0.254994
vt -5.2384 2.22377
f 1203/1746/189 1204/1747/189 972/1748/189

v 257.684 10.0911 13.7631
vt -4.00403 0.210231
f 1204/1747/189 1203/1746/189 1205/1749/189

v 266.753 12.2397 22.8055
vt -4.27083 0.254994
f 1204/1747/189 1205/1749/189 1206/1750/189

v 266.753 98.5523 22.8055
vt -4.27083 2.05317
f 1206/1750/189 1205/1749/189 1207/1751/189

vt -4.00403 2.22377
f 973/1752/189 1207/1751/189 1205/1749/189

v 296.382 98.5523 52.3486
vt -5.14252 2.05317
f 973/1752/189 1208/1753/189 1207/1751/189

f 972/1748/189 1208/1753/189 973/1752/189

f 1208/1753/189 972/1748/189 1204/1747/189

v 312.29 36.1013 42.9125
vt -3.96069 0.75211
vn -0.708135 2.42858e-08 -0.706077
vt -3.58748 0.210231
vt -3.58748 2.22377
f 1209/1754/190 1203/1755/190 972/1756/190

vt -4.92338 0.210231
f 1203/1755/190 1209/1754/190 106/1757/190

v 330.055 36.1013 25.0956
vt -4.48486 0.75211
f 1210/1758/190 106/1757/190 1209/1754/190

v 363.422 106.798 -8.36839
vt -5.46937 2.22495
f 1211/1759/190 106/1757/190 1210/1758/190

v 363.422 -1.5 -8.36839
vt -5.46937 -0.0312499
f 1212/1760/190 106/1757/190 1211/1759/190

vt -4.92338 -0.0312499
f 106/1757/190 1212/1760/190 103/1761/190

v 344.917 97.1111 10.1901
vt -4.92338 2.02315
f 1211/1759/190 1210/1758/190 1213/1762/190

v 330.055 94.2644 25.0956
vt -4.48486 1.96384
f 1213/1762/190 1210/1758/190 1214/1763/190

v 341.147 97.1111 13.9714
vt -4.81214 2.02315
f 1213/1762/190 1214/1763/190 1215/1764/190

f 1214/1763/190 972/1756/190 1215/1764/190

v 312.29 94.2644 42.9125
vt -3.96069 1.96384
f 1216/1765/190 972/1756/190 1214/1763/190

f 1209/1754/190 972/1756/190 1216/1765/190

v 341.147 106.741 13.9714
vt -4.81214 2.22377
f 1215/1764/190 972/1756/190 1217/1766/190

vt -5.18545 2.22377
f 1211/1759/190 1213/1762/190 290/1767/190

vt -4.92338 2.22377
f 290/1767/190 1213/1762/190 984/1768/190

vt -5.18545 2.35569
f 1211/1759/190 290/1767/190 289/1769/190

vt -5.53187 2.22495
f 1211/1759/190 289/1769/190 967/1770/190

v 374.422 106.798 -19.4005
vt -5.79394 2.22495
f 967/1770/190 289/1769/190 1218/1771/190

vt -2.19164 3.41192
f 1218/1771/190 289/1769/190 1002/1772/190

vt -2.19164 3.31474
f 1002/1772/190 289/1769/190 792/1773/190

g Mesh159 Group17 Model

v 160.023 104.776 11.0007
vt -2.19164 2.18283
vn -0.708135 2.68079e-08 -0.706077
v 219.118 32.9895 -48.266
vt -3.93527 0.687282
v 160.023 -1.5 11.0007
vt -2.19164 -0.0312499
f 1219/1774/191 1220/1775/191 1221/1776/191

v 219.118 83.1191 -48.266
vt -3.93527 1.73165
f 1220/1775/191 1219/1774/191 1222/1777/191

v 237.908 83.1191 -67.1114
vt -4.4897 1.73165
f 1222/1777/191 1219/1774/191 1223/1778/191

v 250.488 104.776 -79.728
vt -4.86088 2.18283
f 1224/1779/191 1223/1778/191 1219/1774/191

v 237.908 32.9895 -67.1114
vt -4.4897 0.687282
f 1224/1779/191 1225/1780/191 1223/1778/191

v 250.488 -1.5 -79.728
vt -4.86088 -0.0312499
f 1226/1781/191 1225/1780/191 1224/1779/191

f 1225/1780/191 1226/1781/191 1221/1776/191

f 1225/1780/191 1221/1776/191 1220/1775/191

g Mesh160 Group17 Model

vt 3.36296 1.54516
vt 3.36296 2.154
v -23.9232 103.392 -69.6257
vt -0.675266 2.154
v -23.9232 74.1675 -69.6257
vt -0.675266 1.54516
f 42/1782/29 41/1783/29 1227/1784/29 1228/1785/29 

g Mesh161 Group50_1_1 Model

usemtl LimeGreen
v 358.27 113.073 -3.20138
vt 0 6.33174
vn 0.708135 5.66087e-23 0.706077
v 353.799 113.073 1.28235
vt 0 0
v 353.799 106.741 1.28235
vt 6.33174 0
v 357.376 106.741 -2.30463
vt 6.33174 5.06539
f 1229/1786/192 1230/1787/192 1231/1788/192 1232/1789/192 

vt 0 -6.33174
vn -0.706077 4.78847e-07 0.708135
v 255.228 113.073 -97.003
vt -139.199 0
v 255.227 106.741 -97.003
vt -139.199 -6.33174
f 1231/1790/193 1230/1787/193 1233/1791/193 1234/1792/193 

vn -0.708135 -5.66087e-23 -0.706077
v 259.698 113.073 -101.487
v 258.804 106.741 -100.59
vt -6.33174 5.06539
vt -6.33174 0
f 1233/1787/194 1235/1786/194 1236/1793/194 1234/1794/194 

vt 0 1.24176
vn 0.692365 -0.196117 -0.694383
vt 0 -5.21538
vt 139.199 -5.21538
vt 139.199 1.24176
f 1229/1795/195 1232/1796/195 1236/1797/195 1235/1798/195 

vt 0 5.06539
vn -3.38103e-07 -1 3.39088e-07
vt 139.199 0
vt 139.199 5.06539
f 1232/1799/196 1231/1787/196 1234/1800/196 1236/1801/196 

g Mesh162 Group18 Group51_1_1 Model

v 666.056 106.798 271.296
vt 272.265 106.798
vn -0.999999 -5.53187e-23 0.0014552
v 666.054 106.798 270.007
vt 270.976 106.798
v 666.054 102.262 270.007
vt 270.976 102.262
v 666.056 102.763 271.296
vt 272.265 102.763
f 1237/1802/197 1238/1803/197 1239/1804/197 1240/1805/197 

v 659.103 92.7602 276.978
vt -269.24 92.7602
vn -0.708135 4.09524e-17 -0.706077
v 659.103 -14.49 276.978
vt -269.24 -14.49
v 657.172 -14.49 278.914
vt -266.505 -14.49
v 657.172 94.2622 278.914
vt -266.505 94.2622
vt -279.084 102.262
vt -279.084 106.798
v 667.985 106.798 268.07
vt -281.819 106.798
v 667.985 100.76 268.07
vt -281.819 100.76
f 1241/1806/198 1242/1807/198 1243/1808/198 1244/1809/198 1239/1810/198 1238/1811/198 1245/1812/198 1246/1813/198 

vt -658.7 92.7602
vn -0.0014552 1.84043e-23 -0.999999
v 660.393 92.2595 276.976
vt -659.989 92.2595
v 660.393 -14.49 276.976
vt -659.989 -14.49
vt -658.7 -14.49
f 1241/1814/199 1247/1815/199 1248/1816/199 1242/1817/199 

vt -561.496 -187.831
vn -0.232797 -0.596664 -0.767983
v 669.275 100.26 268.068
vt -562.73 -188.455
vt -551.646 -198.424
vt -550.412 -197.8
f 1246/1818/200 1249/1819/200 1247/1820/200 1241/1821/200 

vt -667.594 106.798
v 669.275 106.798 268.068
vt -668.884 106.798
vt -668.884 100.26
vt -667.594 100.76
f 1245/1822/199 1250/1823/199 1249/1824/199 1246/1825/199 

vt -663.213 106.798
vn 0.706077 5.213e-23 -0.708135
v 671.212 106.798 269.999
vt -665.949 106.798
v 671.212 100.26 269.999
vt -665.949 100.26
vt -663.213 100.26
f 1250/1826/201 1251/1827/201 1252/1828/201 1249/1829/201 

vt -270.976 106.798
vn 0.999999 5.53187e-23 -0.0014552
v 671.214 106.798 271.289
vt -272.265 106.798
v 671.214 100.76 271.289
vt -272.265 100.76
vt -270.976 100.26
f 1251/1830/202 1253/1831/202 1254/1832/202 1252/1833/202 

v 660.4 94.2622 282.133
vt 266.505 94.2622
vn 0.708135 1.02381e-17 0.706077
v 660.4 -14.49 282.133
vt 266.505 -14.49
v 662.332 -14.49 280.196
vt 269.24 -14.49
v 662.332 92.7602 280.196
vt 269.24 92.7602
vt 281.819 100.76
vt 281.819 106.798
v 669.282 106.798 273.226
vt 279.084 106.798
v 669.282 102.262 273.226
vt 279.084 102.262
f 1255/1834/203 1256/1835/203 1257/1836/203 1258/1837/203 1254/1838/203 1253/1839/203 1259/1840/203 1260/1841/203 

vt 659.989 94.2622
vn 0.0014552 -1.84043e-23 0.999999
v 659.111 94.7629 282.135
vt 658.7 94.7629
v 659.111 -14.49 282.135
vt 658.7 -14.49
vt 659.989 -14.49
f 1255/1842/204 1261/1843/204 1262/1844/204 1256/1845/204 

vt 561.241 -189.794
vn 0.232797 0.596664 0.767983
v 667.993 102.763 273.228
vt 560.006 -189.17
vt 548.922 -199.139
vt 550.157 -199.763
f 1260/1846/205 1263/1847/205 1261/1848/205 1255/1849/205 

vt 668.884 106.798
v 667.993 106.798 273.228
vt 667.594 106.798
vt 667.594 102.763
vt 668.884 102.262
f 1259/1850/204 1264/1851/204 1263/1852/204 1260/1853/204 

vt 665.949 106.798
vn -0.706077 -5.213e-23 0.708135
vt 663.213 106.798
vt 663.213 102.763
vt 665.949 102.763
f 1264/1854/206 1237/1855/206 1240/1856/206 1263/1857/206 

vt 665.949 289.872
vn -0.37891 0.843811 0.380014
vt 663.213 289.872
v 657.174 94.7629 280.204
vt 663.213 274.964
vt 665.949 274.964
f 1263/1858/207 1240/1859/207 1265/1860/207 1261/1861/207 

vt 68.4956 509.63
vn -0.768657 0.596664 -0.230561
vt 67.261 509.006
vt 78.345 499.037
vt 79.5795 499.661
f 1240/1862/208 1239/1863/208 1244/1864/208 1265/1865/208 

vt 281.16 94.7629
vt 279.871 94.2622
vt 279.871 -14.49
v 657.174 -14.49 280.204
vt 281.16 -14.49
f 1265/1866/197 1244/1867/197 1243/1868/197 1266/1869/197 

vt 665.949 94.7629
vt 663.213 94.7629
vt 663.213 -14.49
vt 665.949 -14.49
f 1261/1870/206 1265/1871/206 1266/1872/206 1262/1873/206 

v 662.33 92.2595 278.907
vt -279.871 92.2595
vt -281.16 92.7602
vt -281.16 -14.49
v 662.33 -14.49 278.907
vt -279.871 -14.49
f 1267/1874/202 1258/1875/202 1257/1876/202 1268/1877/202 

vt -65.772 510.345
vn 0.768657 -0.596664 0.230561
vt -67.0065 510.969
vt -78.0905 501
vt -76.856 500.376
f 1252/1878/209 1254/1879/209 1258/1880/209 1267/1881/209 

vt -663.213 292.375
vn 0.37891 -0.843811 -0.380014
vt -665.949 292.375
vt -665.949 277.467
vt -663.213 277.467
f 1249/1882/210 1252/1883/210 1267/1884/210 1247/1885/210 

vt -663.213 92.2595
vt -665.949 92.2595
vt -665.949 -14.49
vt -663.213 -14.49
f 1247/1886/201 1267/1887/201 1268/1888/201 1248/1889/201 

g Mesh163 Group51_1_1 Model

v 674.59 113.129 270.954
vn 0.708135 1.95136e-23 0.706077
v 670.12 113.129 275.438
v 670.12 106.798 275.438
v 673.696 106.798 271.851
f 1269/1786/211 1270/1787/211 1271/1788/211 1272/1789/211 

vn -0.706077 -2.95251e-07 0.708135
v 373.904 113.129 -19.9171
vt -418.304 0
v 373.904 106.798 -19.9171
vt -418.304 -6.33174
f 1271/1790/212 1270/1787/212 1273/1890/212 1274/1891/212 

vn -0.708135 -1.95136e-23 -0.706077
v 378.375 113.129 -24.4008
v 377.48 106.798 -23.5041
f 1273/1787/213 1275/1786/213 1276/1793/213 1274/1794/213 

vn 0.692365 -0.196116 -0.694384
vt 418.304 -5.21538
vt 418.304 1.24176
f 1269/1795/214 1272/1796/214 1276/1892/214 1275/1893/214 

vn 2.0847e-07 -1 -2.09078e-07
vt 418.304 0
vt 418.304 5.06539
f 1272/1799/215 1271/1787/215 1274/1894/215 1276/1895/215 

g Mesh164 Group53_1_1 Model

v 169.291 113.129 474.669
vn -0.708135 -1.58243e-23 -0.706077
v 173.762 113.129 470.185
v 173.762 106.798 470.185
v 170.185 106.798 473.772
f 1277/1786/216 1278/1787/216 1279/1788/216 1280/1789/216 

vn 0.706077 1.28458e-07 -0.708135
v 325.29 113.129 621.273
vt -213.982 0
v 325.29 106.798 621.273
vt -213.982 -6.33174
f 1279/1790/217 1278/1787/217 1281/1896/217 1282/1897/217 

vt 0 -2.84217e-14
vn 0.708135 -1.23783e-24 0.706077
v 320.819 113.129 625.757
v 321.713 106.798 624.86
vt -6.33174 -2.84217e-14
f 1281/1898/218 1283/1786/218 1284/1793/218 1282/1899/218 

vt 8.41e-16 1.24176
vn -0.692365 -0.196116 0.694384
vt -3.52581e-15 -5.21538
vt 213.982 -5.21538
vt 213.982 1.24176
f 1277/1900/219 1280/1901/219 1284/1902/219 1283/1903/219 

vt 6.728e-16 5.06539
vn 9.0701e-08 -1 -9.09654e-08
vt 213.982 -2.84217e-14
vt 213.982 5.06539
f 1280/1904/220 1279/1787/220 1282/1905/220 1284/1906/220 

g Mesh165 Group54_1_1 Model

v -120.358 113.129 774.129
vn -0.706077 -3.30888e-23 0.708135
v -124.841 113.129 769.658
v -124.841 106.798 769.658
v -121.254 106.798 773.235
f 1285/1786/221 1286/1787/221 1287/1788/221 1288/1789/221 

vn -0.708135 6.50472e-07 -0.706077
v 173.762 113.129 470.185
vt -422.904 0
v 173.762 106.798 470.185
vt -422.904 -6.33174
f 1287/1790/222 1286/1787/222 1289/1907/222 1290/1908/222 

vt 2.12982e-12 -2.31502e-12
vn 0.706077 -5.03618e-15 -0.708135
v 178.245 113.129 474.656
vt 2.12982e-12 6.33174
v 177.349 106.798 473.762
vt -6.33174 -2.31502e-12
f 1289/1909/223 1291/1910/223 1292/1793/223 1290/1911/223 

vn 0.694383 -0.196117 0.692365
vt 422.904 -5.21538
vt 422.904 1.24176
f 1285/1795/224 1288/1796/224 1292/1912/224 1291/1913/224 

vn -4.60622e-07 -1 -4.59284e-07
vt 422.904 0
vt 422.904 5.06539
f 1288/1799/225 1287/1787/225 1290/1914/225 1292/1915/225 

g Mesh166 Group19 Group55_1_1 Model

v 66.5677 212.729 339.067
vt -66.0742 212.729
vn -0.0014552 8.48819e-23 -0.999999
v 67.8571 212.729 339.066
vt -67.3637 212.729
v 67.8571 208.194 339.066
vt -67.3637 208.194
v 66.5677 208.694 339.067
vt -66.0742 208.694
f 1293/1916/226 1294/1917/226 1295/1918/226 1296/1919/226 

v 61.2198 150.44 332.448
vt -278.085 150.44
vn 0.706077 5.92122e-09 -0.708135
v 67.4335 148.928 338.643
vt -286.86 148.928
v 67.1044 146.232 338.315
vt -286.395 146.232
v 59.2981 148.133 330.531
vt -275.372 148.133
v 58.953 200.197 330.187
vt -274.884 200.197
vt -287.458 208.194
vt -287.458 212.729
v 69.7941 212.729 340.997
vt -290.194 212.729
v 69.7941 206.692 340.997
vt -290.194 206.692
v 60.8999 198.704 332.129
vt -277.634 198.704
f 1297/1920/227 1298/1921/227 1299/1922/227 1300/1923/227 1301/1924/227 1295/1925/227 1294/1926/227 1302/1927/227 1303/1928/227 1304/1929/227 

vt -306.349 207.477
vn 0.584344 0.696827 -0.415902
v 61.2166 151.21 333.732
vt -307.393 208.549
v 66.8994 149.826 339.398
vt -315.305 206.62
vt -314.999 205.368
f 1297/1930/228 1305/1931/228 1306/1932/228 1298/1933/228 

vt -332.218 198.3
vn 0.999977 0.00661818 -0.00147707
v 60.9051 198.206 333.421
vt -333.511 197.802
vt -333.822 150.804
vt -332.538 150.035
f 1304/1934/229 1307/1935/229 1305/1936/229 1297/1937/229 

vt -346.58 146.699
vn 0.767983 -0.596664 -0.232797
v 69.796 206.191 342.286
vt -347.815 146.075
vt -336.752 136.125
vt -335.513 136.745
f 1303/1938/230 1308/1939/230 1307/1940/230 1304/1941/230 

vt -341.098 212.729
vn 0.999999 -1.15562e-22 -0.0014552
v 69.796 212.729 342.286
vt -342.388 212.729
vt -342.388 206.191
vt -341.098 206.692
f 1302/1942/231 1309/1943/231 1308/1944/231 1303/1945/231 

vt -193.104 212.729
vn 0.708135 -1.41735e-22 0.706077
v 67.8646 212.729 344.223
vt -195.839 212.729
v 67.8646 206.191 344.223
vt -195.839 206.191
vt -193.104 206.191
f 1309/1946/232 1310/1947/232 1311/1948/232 1308/1949/232 

vt 67.3637 212.729
vn 0.0014552 -8.48819e-23 0.999999
v 66.5752 212.729 344.225
vt 66.0742 212.729
v 66.5752 206.692 344.225
vt 66.0742 206.692
vt 67.3637 206.191
f 1310/1950/233 1312/1951/233 1313/1952/233 1311/1953/233 

v 56.0792 148.133 333.76
vt 275.372 148.133
vn -0.706077 -5.92122e-09 0.708135
v 63.8855 146.232 341.543
vt 286.395 146.232
v 64.2146 148.928 341.871
vt 286.86 148.928
v 58.0009 150.44 335.676
vt 278.085 150.44
v 57.681 198.704 335.357
vt 277.634 198.704
vt 290.194 206.692
vt 290.194 212.729
v 64.6382 212.729 342.294
vt 287.458 212.729
v 64.6382 208.194 342.294
vt 287.458 208.194
v 55.7341 200.197 333.416
vt 274.884 200.197
f 1314/1954/234 1315/1955/234 1316/1956/234 1317/1957/234 1318/1958/234 1313/1959/234 1312/1960/234 1319/1961/234 1320/1962/234 1321/1963/234 

vt 304.437 209.27
vn -0.584344 -0.696827 0.415902
v 56.0824 147.363 332.475
vt 303.392 208.198
v 64.4196 145.334 340.788
vt 314.999 205.368
vt 315.305 206.62
f 1314/1964/235 1322/1965/235 1323/1966/235 1315/1967/235 

vt 333.498 199.827
vn -0.999977 -0.00661818 0.00147707
v 55.7289 200.695 332.123
vt 332.205 200.325
vt 332.558 146.992
vt 333.842 147.761
f 1321/1968/236 1324/1969/236 1322/1970/236 1314/1971/236 

vt 346.326 144.735
vn -0.767983 0.596664 0.232797
v 64.6364 208.694 341.004
vt 345.091 145.359
vt 334.008 135.391
vt 335.246 134.771
f 1320/1972/237 1325/1973/237 1324/1974/237 1321/1975/237 

vt 342.388 212.729
vn -0.999999 1.15562e-22 0.0014552
v 64.6364 212.729 341.004
vt 341.098 212.729
vt 341.098 208.694
vt 342.388 208.194
f 1319/1976/238 1326/1977/238 1325/1978/238 1320/1979/238 

vt 195.839 212.729
vn -0.708135 1.41735e-22 -0.706077
vt 193.104 212.729
vt 193.104 208.694
vt 195.839 208.694
f 1326/1980/239 1293/1981/239 1296/1982/239 1325/1983/239 

vt 195.839 353.785
vn -0.380015 0.84381 -0.37891
vt 193.104 353.785
v 57.6602 200.695 330.186
vt 193.104 338.878
vt 195.839 338.878
f 1325/1984/240 1296/1985/240 1327/1986/240 1324/1987/240 

vt -161.177 349.844
vn 0.230561 0.596664 -0.768657
vt -162.412 349.22
vt -151.332 339.255
vt -150.094 339.875
f 1296/1988/241 1295/1989/241 1301/1990/241 1327/1991/241 

vt -57.1869 198.504
vn -0.00143327 -0.00661818 -0.999977
vt -58.4797 198.007
vt -58.8243 145.941
v 58.0137 147.363 330.538
vt -57.5399 145.172
f 1327/1992/242 1301/1993/242 1300/1994/242 1328/1995/242 

vt -238.245 -58.9988
vn 0.414199 -0.696827 -0.585552
vt -239.29 -57.9263
vt -250.158 -60.5761
v 66.3509 145.334 338.851
vt -249.852 -61.8289
f 1328/1996/243 1300/1997/243 1299/1998/243 1329/1999/243 

vt 195.839 -245.44
vt 193.104 -245.44
vt 193.104 -257.387
vt 195.839 -257.387
f 1322/2000/147 1328/2001/147 1329/2002/147 1323/2003/147 

vt 195.839 198.122
vn -0.708104 -0.00935953 -0.706046
vt 193.104 198.122
vt 193.104 144.788
vt 195.839 144.788
f 1324/2004/244 1327/2005/244 1328/2006/244 1322/2007/244 

v 59.2853 151.21 335.669
vt 242.246 -58.6471
vn -0.414199 0.696827 0.585552
vt 241.202 -59.7197
vt 249.852 -61.8289
v 64.9681 149.826 341.335
vt 250.158 -60.5761
f 1330/2008/245 1317/2009/245 1316/2010/245 1331/2011/245 

v 58.9738 198.206 335.358
vt 58.4931 195.982
vn 0.00143327 0.00661818 0.999977
vt 57.2003 196.479
vt 57.5197 148.215
vt 58.8041 148.984
f 1332/2012/246 1318/2013/246 1317/2014/246 1330/2015/246 

vt 163.901 350.559
vn -0.230561 -0.596664 0.768657
vt 162.666 351.183
vt 151.599 341.229
vt 152.838 340.609
f 1311/2016/247 1313/2017/247 1318/2018/247 1332/2019/247 

vt -193.104 356.288
vn 0.380015 -0.84381 0.37891
vt -195.839 356.288
vt -195.839 341.409
vt -193.104 341.409
f 1308/2020/248 1311/2021/248 1332/2022/248 1307/2023/248 

vt -193.104 195.59
vn 0.708104 0.00935953 0.706046
vt -195.839 195.59
vt -195.839 148.592
vt -193.104 148.592
f 1307/2024/249 1332/2025/249 1330/2026/249 1305/2027/249 

vt -193.104 -249.244
vt -195.839 -249.244
vt -195.839 -257.387
vt -193.104 -257.387
f 1305/2028/110 1330/2029/110 1331/2030/110 1306/2031/110 

g Mesh167 Group55_1_1 Model

v -242.273 219.061 657.686
vn -0.706077 3.81828e-24 0.708135
v -246.757 219.061 653.216
v -246.757 212.729 653.216
v -243.17 212.729 656.792
f 1333/1786/250 1334/1787/250 1335/1788/250 1336/1789/250 

vn -0.708135 3.90201e-07 -0.706077
v 76.8276 219.061 328.688
vt -458.285 0
v 76.8276 212.729 328.688
vt -458.285 -6.33174
f 1335/1790/251 1334/1787/251 1337/2032/251 1338/2033/251 

vt 2.308e-12 -2.5087e-12
v 81.3113 219.061 333.159
vt 2.308e-12 6.33174
v 80.4146 212.729 332.265
vt -6.33174 -2.5087e-12
f 1337/2034/223 1339/2035/223 1340/1793/223 1338/2036/223 

vt 458.285 -5.21538
vt 458.285 1.24176
f 1333/1795/224 1336/1796/224 1340/2037/224 1339/2038/224 

vn -2.76315e-07 -1 -2.75512e-07
vt 458.285 0
vt 458.285 5.06539
f 1336/1799/252 1335/1787/252 1338/2039/252 1340/2040/252 

